,BACTSAMFRBDAL
2004-06-01,47.6
2004-07-01,39.4
2004-08-01,36.5
2004-09-01,27.3
2004-10-01,24.7
2004-11-01,43.3
2004-12-01,41.1
2005-01-01,26.9
2005-02-01,27.1
2005-03-01,30.7
2005-04-01,7.6
2005-05-01,27.7
2005-06-01,13.7
2005-07-01,28.3
2005-08-01,22.8
2005-09-01,27.2
2005-10-01,20.3
2005-11-01,24.4
2005-12-01,37.4
2006-01-01,30.7
2006-02-01,28.6
2006-03-01,33.4
2006-04-01,25.7
2006-05-01,20.1
2006-06-01,14.8
2006-07-01,11.2
2006-08-01,9.8
2006-09-01,13.7
2006-10-01,4.7
2006-11-01,3.8
2006-12-01,-7.9
2007-01-01,-0.3
2007-02-01,21.9
2007-03-01,7.4
2007-04-01,10.4
2007-05-01,17.2
2007-06-01,9.5
2007-07-01,1.3
2007-08-01,1.5
2007-09-01,-0.7
2007-10-01,-0.3
2007-11-01,-11.6
2007-12-01,-22.6
2008-01-01,-25.9
2008-02-01,-25.2
2008-03-01,-28.1
2008-04-01,-28.7
2008-05-01,-13.5
2008-06-01,-25.6
2008-07-01,-22.5
2008-08-01,-15.8
2008-09-01,-35.7
2008-10-01,-53.6
2008-11-01,-55.7
2008-12-01,-58.7
2009-01-01,-55.8
2009-02-01,-60.9
2009-03-01,-54.6
2009-04-01,-36.8
2009-05-01,-24.7
2009-06-01,-21.9
2009-07-01,-20.6
2009-08-01,-6.0
2009-09-01,-2.5
2009-10-01,-8.0
2009-11-01,-1.3
2009-12-01,2.9
2010-01-01,6.3
2010-02-01,-3.9
2010-03-01,7.3
2010-04-01,24.5
2010-05-01,13.0
2010-06-01,0.6
2010-07-01,-17.1
2010-08-01,-9.2
2010-09-01,-13.4
2010-10-01,2.5
2010-11-01,18.9
2010-12-01,16.1
2011-01-01,7.5
2011-02-01,14.7
2011-03-01,9.7
2011-04-01,10.8
2011-05-01,-0.2
2011-06-01,-19.4
2011-07-01,-3.3
2011-08-01,-12.7
2011-09-01,-15.7
2011-10-01,0.7
2011-11-01,3.2
2011-12-01,-1.5
2012-01-01,13.6
2012-02-01,15.9
2012-03-01,10.0
2012-04-01,-5.4
2012-05-01,-1.2
2012-06-01,2.0
2012-07-01,-18.4
2012-08-01,-5.8
2012-09-01,-6.7
2012-10-01,-3.8
2012-11-01,-8.4
2012-12-01,1.8
2013-01-01,5.3
2013-02-01,2.4
2013-03-01,9.8
2013-04-01,-15.2
2013-05-01,-5.7
2013-06-01,6.2
2013-07-01,2.5
2013-08-01,4.6
2013-09-01,11.8
2013-10-01,1.4
2013-11-01,0.5
2013-12-01,3.0
2014-01-01,4.5
2014-02-01,0.3
2014-03-01,7.7
2014-04-01,14.5
2014-05-01,13.7
2014-06-01,12.2
2014-07-01,11.2
2014-08-01,6.1
2014-09-01,9.8
2014-10-01,8.3
2014-11-01,9.1
2014-12-01,2.6
2015-01-01,-5.0
2015-02-01,-13.2
2015-03-01,-17.1
2015-04-01,-15.8
2015-05-01,-17.6
2015-06-01,-6.6
2015-07-01,-5.1
2015-08-01,-17.2
2015-09-01,-10.2
2015-10-01,-14.5
2015-11-01,-5.1
2015-12-01,-22.0
2016-01-01,-36.3
2016-02-01,-33.3
2016-03-01,-11.6
2016-04-01,-11.4
2016-05-01,-16.9
2016-06-01,-17.3
2016-07-01,0.4
2016-08-01,-6.1
2016-09-01,-2.6
2016-10-01,-1.6
2016-11-01,12.7
2016-12-01,17.5
2017-01-01,22.1
2017-02-01,23.1
2017-03-01,17.6
2017-04-01,17.6
2017-05-01,20.1
2017-06-01,15.1
2017-07-01,16.9
2017-08-01,16.0
2017-09-01,21.3
2017-10-01,26.5
2017-11-01,20.0
2017-12-01,30.6
2018-01-01,34.6
2018-02-01,37.2
2018-03-01,22.9
2018-04-01,21.6
2018-05-01,29.1
2018-06-01,37.0
2018-07-01,33.0
2018-08-01,29.8
2018-09-01,27.6
2018-10-01,28.0
2018-11-01,16.3
2018-12-01,-7.4
2019-01-01,-1.5
2019-02-01,10.7
2019-03-01,7.3
2019-04-01,2.3
2019-05-01,-3.4
2019-06-01,-13.5
2019-07-01,-6.8
2019-08-01,1.5
2019-09-01,1.3
2019-10-01,-6.5
2019-11-01,-1.6
2019-12-01,-3.9
2020-01-01,-1.5
2020-02-01,0.6
2020-03-01,-69.4
2020-04-01,-73.6
2020-05-01,-47.0
2020-06-01,-5.8
2020-07-01,-1.5
2020-08-01,8.8
2020-09-01,15.8
2020-10-01,21.3
2020-11-01,13.6
2020-12-01,10.8
2021-01-01,6.1
2021-02-01,17.0
2021-03-01,29.6
2021-04-01,38.1
2021-05-01,36.9
2021-06-01,31.4
2021-07-01,28.0
2021-08-01,8.6
2021-09-01,5.0
2021-10-01,14.6
2021-11-01,11.7
2021-12-01,7.1
2022-01-01,0.4
2022-02-01,12.7
2022-03-01,8.4
2022-04-01,1.1
2022-05-01,-6.8
2022-06-01,-18.4
2022-07-01,-23.6
2022-08-01,-14.7
2022-09-01,-18.6
2022-10-01,-21.0
2022-11-01,-15.6
2022-12-01,-21.3
2023-01-01,-8.9
2023-02-01,-14.8
2023-03-01,-16.5
2023-04-01,-23.9
2023-05-01,-29.4
2023-06-01,-24.1
2023-07-01,-21.2
2023-08-01,-18.8
2023-09-01,-19.1
2023-10-01,-20.7
2023-11-01,-21.1
2023-12-01,-10.8
2024-01-01,-28.0
2024-02-01,-12.7
2024-03-01,-13.6
2024-04-01,-13.6
2024-05-01,-18.7
2024-06-01,-14.7
2024-07-01,-17.5
2024-08-01,-9.4
2024-09-01,-8.3
2024-10-01,-2.1
2024-11-01,-1.7
2024-12-01,4.3
2025-01-01,14.6
2025-02-01,-8.5
2025-03-01,-16.2
2025-04-01,-35.9
2025-05-01,-15.3
2025-06-01,-12.7
2025-07-01,1.2
2025-08-01,-1.7
2025-09-01,-8.8
2025-10-01,-4.8
2025-11-01,-10.6
2025-12-01,-11.3
2026-01-01,-1.2
2026-02-01,0.2
2026-03-01,-0.2
2026-04-01,-2.3
2026-05-01,0.4
2026-06-01,0.0
2026-07-01,1.3
2026-08-01,11.6
2026-09-01,9.8
