symbol,side,entry_time,entry,exit_time,exit,exit_reason,gross_bps,net_bps
AAPL,long,2026-06-03 10:05:00-04:00,315.364990234375,2026-06-03 10:10:00-04:00,315.7752740570545,target,13.009808805175549,9.009808805175549
AAPL,long,2026-06-05 10:15:00-04:00,313.57501220703125,2026-06-05 10:15:00-04:00,313.6058320864099,target,0.9828550802493119,-3.017144919750688
AAPL,long,2026-06-08 13:55:00-04:00,310.1400146484375,2026-06-08 14:00:00-04:00,307.59275011883415,stop,-82.13272745507649,-86.13272745507649
AAPL,short,2026-05-01 10:15:00-04:00,286.114990234375,2026-05-01 10:35:00-04:00,283.0226452236231,target,108.0804961745896,104.0804961745896
AAPL,short,2026-05-07 10:10:00-04:00,291.260009765625,2026-05-07 10:15:00-04:00,289.97808246168125,target,44.01315872286426,40.01315872286426
AAPL,short,2026-06-01 10:05:00-04:00,309.1899108886719,2026-06-01 10:05:00-04:00,309.1899108886719,target,-0.0,-4.0
AAPL,short,2026-06-08 13:40:00-04:00,312.75,2026-06-08 13:40:00-04:00,312.75,target,-0.0,-4.0
AAPL,short,2026-06-10 10:40:00-04:00,289.19500732421875,2026-06-10 10:40:00-04:00,289.19500732421875,target,-0.0,-4.0
AAPL,short,2026-06-18 10:55:00-04:00,299.4599914550781,2026-06-18 11:00:00-04:00,298.75342449880054,target,23.594703013393172,19.594703013393172
AAPL,short,2026-06-26 14:25:00-04:00,280.1449890136719,2026-06-26 14:30:00-04:00,281.325793474814,stop,-42.149761996439494,-46.149761996439494
AAPL,short,2026-06-26 14:40:00-04:00,280.8299865722656,2026-06-26 15:50:00-04:00,282.13186235656076,stop,-46.35814715463482,-50.35814715463482
MSFT,long,2026-04-23 13:55:00-04:00,413.739990234375,2026-04-23 15:55:00-04:00,415.75,time,48.58147177134953,44.58147177134953
MSFT,long,2026-04-29 13:05:00-04:00,422.3599853515625,2026-04-29 13:50:00-04:00,424.03257821715255,target,39.60112045647168,35.60112045647168
MSFT,long,2026-06-01 14:00:00-04:00,460.0199890136719,2026-06-01 14:10:00-04:00,461.49162011734586,target,31.990590383459416,27.990590383459416
MSFT,long,2026-06-17 14:10:00-04:00,383.3900146484375,2026-06-17 14:55:00-04:00,382.35561034077944,stop,-26.980470751346573,-30.980470751346573
MSFT,short,2026-05-15 10:50:00-04:00,422.17999267578125,2026-05-15 10:50:00-04:00,424.84015457517205,stop,-63.010136565939675,-67.01013656593967
MSFT,short,2026-05-29 10:10:00-04:00,441.67498779296875,2026-05-29 10:15:00-04:00,439.0200129317336,target,60.11150584962821,56.11150584962821
MSFT,short,2026-06-01 10:05:00-04:00,462.9599914550781,2026-06-01 10:05:00-04:00,462.3031910417451,target,14.186979986514636,10.186979986514636
MSFT,short,2026-07-01 11:20:00-04:00,386.29998779296875,2026-07-01 14:05:00-04:00,388.68769189302145,stop,-61.80958259135005,-65.80958259135005
NVDA,long,2026-05-15 10:05:00-04:00,225.92999267578125,2026-05-15 10:15:00-04:00,227.87930297851562,target,86.27939476507196,82.27939476507196
NVDA,long,2026-05-21 10:05:00-04:00,224.1060028076172,2026-05-21 10:05:00-04:00,224.1060028076172,target,0.0,-4.0
NVDA,long,2026-06-29 10:20:00-04:00,190.99000549316406,2026-06-29 10:30:00-04:00,193.05882882670895,target,108.32102591980642,104.32102591980642
NVDA,short,2026-04-24 10:15:00-04:00,202.43499755859375,2026-04-24 10:35:00-04:00,203.6887802848699,stop,-61.93507750127169,-65.93507750127169
NVDA,short,2026-04-24 10:55:00-04:00,206.94500732421875,2026-04-24 10:55:00-04:00,208.29558975365833,stop,-65.26286605811337,-69.26286605811337
NVDA,short,2026-05-06 10:05:00-04:00,203.02000427246094,2026-05-06 10:05:00-04:00,204.58873432035506,stop,-77.26972785345953,-81.26972785345953
AMZN,long,2026-04-24 10:05:00-04:00,258.885009765625,2026-04-24 10:05:00-04:00,259.5248960466859,target,24.717007819039516,20.717007819039516
AMZN,long,2026-05-19 10:25:00-04:00,257.5,2026-05-19 11:20:00-04:00,255.9268679620478,stop,-61.092506328240816,-65.09250632824082
AMZN,short,2026-05-27 10:10:00-04:00,269.1600036621094,2026-05-27 10:20:00-04:00,270.6099152245985,stop,-53.86801689560406,-57.86801689560406
AMZN,short,2026-06-04 10:10:00-04:00,253.88999938964844,2026-06-04 10:10:00-04:00,253.43776353975827,target,17.812275039479353,13.812275039479353
AMZN,short,2026-06-15 10:05:00-04:00,245.97500610351562,2026-06-15 10:05:00-04:00,245.97500610351562,target,-0.0,-4.0
AMZN,short,2026-06-18 11:10:00-04:00,241.05999755859375,2026-06-18 11:20:00-04:00,242.4152851269425,stop,-56.22200207727745,-60.22200207727745
META,long,2026-04-23 10:05:00-04:00,661.0599975585938,2026-04-23 10:05:00-04:00,662.5412223124912,target,22.406812685200617,18.406812685200617
META,long,2026-04-23 13:55:00-04:00,656.260009765625,2026-04-23 15:55:00-04:00,659.3300170898438,time,46.78035044852314,42.78035044852314
META,long,2026-06-17 10:05:00-04:00,585.1300048828125,2026-06-17 10:45:00-04:00,581.712615105706,stop,-58.403940125936195,-62.403940125936195
META,long,2026-06-17 14:40:00-04:00,574.3499755859375,2026-06-17 15:05:00-04:00,572.0557741158594,stop,-39.94431213717009,-43.94431213717009
META,short,2026-05-06 10:25:00-04:00,616.5349731445312,2026-05-06 15:55:00-04:00,612.5399780273438,time,64.7975425759173,60.797542575917305
META,short,2026-05-27 14:10:00-04:00,617.27001953125,2026-05-27 14:15:00-04:00,620.0966363447371,stop,-45.792225833900524,-49.792225833900524
META,short,2026-05-27 14:40:00-04:00,630.0999755859375,2026-05-27 15:00:00-04:00,634.2131778276338,stop,-65.27856532404064,-69.27856532404064
META,short,2026-06-03 14:05:00-04:00,622.1799926757812,2026-06-03 15:55:00-04:00,623.1099853515625,time,-14.947325319505378,-18.947325319505378
META,short,2026-06-15 10:05:00-04:00,592.0449829101562,2026-06-15 11:25:00-04:00,596.4916946767084,stop,-75.10766740551844,-79.10766740551844
META,short,2026-07-01 10:15:00-04:00,610.9600219726562,2026-07-01 10:35:00-04:00,618.8495669281563,stop,-129.1335712936892,-133.1335712936892
META,short,2026-07-09 10:10:00-04:00,592.655029296875,2026-07-09 10:50:00-04:00,598.9378241757962,stop,-106.01099405796121,-110.01099405796121
META,short,2026-07-10 10:10:00-04:00,669.0300903320312,2026-07-10 10:10:00-04:00,669.0300903320312,target,-0.0,-4.0
GOOGL,long,2026-05-07 13:20:00-04:00,396.07501220703125,2026-05-07 13:20:00-04:00,396.48425797591887,target,10.332531875898443,6.332531875898443
GOOGL,long,2026-05-18 15:05:00-04:00,398.6199951171875,2026-05-18 15:20:00-04:00,397.2021285366741,stop,-35.56937930563664,-39.56937930563664
GOOGL,long,2026-06-05 14:20:00-04:00,367.739990234375,2026-06-05 15:00:00-04:00,366.11287791995437,stop,-44.24627067030728,-48.24627067030728
GOOGL,short,2026-04-24 12:00:00-04:00,343.0899963378906,2026-04-24 12:00:00-04:00,344.67597578034474,stop,-46.22633884353134,-50.22633884353134
GOOGL,short,2026-05-29 10:05:00-04:00,384.489990234375,2026-05-29 10:10:00-04:00,383.02352161376876,target,38.14061894595211,34.14061894595211
GOOGL,short,2026-06-29 10:45:00-04:00,350.2099914550781,2026-06-29 13:30:00-04:00,353.2243225415461,stop,-86.07210416652578,-90.07210416652578
TSLA,long,2026-04-23 10:05:00-04:00,374.7300109863281,2026-04-23 10:15:00-04:00,370.20327719095127,stop,-120.79987357996869,-124.79987357996869
TSLA,long,2026-06-10 10:10:00-04:00,390.7850036621094,2026-06-10 10:40:00-04:00,387.3289492264257,stop,-88.43876820493146,-92.43876820493146
TSLA,short,2026-05-07 10:10:00-04:00,410.010009765625,2026-05-07 10:10:00-04:00,410.010009765625,target,-0.0,-4.0
TSLA,short,2026-05-11 11:45:00-04:00,439.875,2026-05-11 13:55:00-04:00,443.43447490466684,stop,-80.92014560197481,-84.92014560197481
TSLA,short,2026-06-03 10:15:00-04:00,428.5050048828125,2026-06-03 10:20:00-04:00,431.89909599704197,stop,-79.2077356286125,-83.2077356286125
TSLA,short,2026-06-11 10:05:00-04:00,388.07000732421875,2026-06-11 10:15:00-04:00,385.1251507184377,target,75.88467416191568,71.88467416191568
TSLA,short,2026-06-29 13:40:00-04:00,409.625,2026-06-29 15:10:00-04:00,411.7018074105862,stop,-50.700211427188165,-54.700211427188165
AMD,long,2026-04-23 13:50:00-04:00,301.0450134277344,2026-04-23 14:00:00-04:00,305.361783948143,target,143.39285913615996,139.39285913615996
AMD,long,2026-05-06 10:10:00-04:00,415.1099853515625,2026-05-06 10:15:00-04:00,404.98475739546376,stop,-243.9167525089414,-247.9167525089414
AMD,long,2026-05-07 12:30:00-04:00,406.1199951171875,2026-05-07 13:15:00-04:00,402.43174340668764,stop,-90.81679687885314,-94.81679687885314
AMD,long,2026-05-22 10:05:00-04:00,464.989990234375,2026-05-22 10:40:00-04:00,470.17747933518507,target,111.56130690459287,107.56130690459287
AMD,long,2026-06-05 12:35:00-04:00,478.2900085449219,2026-06-05 12:40:00-04:00,473.5279832484005,stop,-99.56355373194282,-103.56355373194282
AMD,long,2026-06-05 12:55:00-04:00,477.4150085449219,2026-06-05 13:05:00-04:00,472.42746673342674,stop,-104.46973225027634,-108.46973225027634
AMD,long,2026-06-09 12:25:00-04:00,448.94000244140625,2026-06-09 12:35:00-04:00,441.20417725259887,stop,-172.31311860691267,-176.31311860691267
AMD,long,2026-07-07 10:20:00-04:00,510.0299987792969,2026-07-07 11:30:00-04:00,511.3244762823798,target,25.38041892008458,21.38041892008458
AMD,short,2026-04-22 10:35:00-04:00,294.760009765625,2026-04-22 11:25:00-04:00,297.6336732124786,stop,-97.49163223120138,-101.49163223120138
AMD,short,2026-04-24 10:20:00-04:00,347.2200012207031,2026-04-24 10:35:00-04:00,342.7779805830377,target,127.93101267348894,123.93101267348894
AMD,short,2026-04-24 11:20:00-04:00,348.0400085449219,2026-04-24 12:05:00-04:00,352.86288907460676,stop,-138.57258968152263,-142.57258968152263
AMD,short,2026-05-26 10:05:00-04:00,492.44000244140625,2026-05-26 11:00:00-04:00,489.25217646752674,target,64.73531715691206,60.73531715691206
AMD,short,2026-06-18 12:05:00-04:00,534.6599731445312,2026-06-18 14:05:00-04:00,532.4756183176213,target,40.85502817917974,36.85502817917974
SPY,long,2026-04-23 13:55:00-04:00,705.5800170898438,2026-04-23 14:20:00-04:00,708.3605100089694,target,39.40719481531963,35.40719481531963
SPY,long,2026-05-04 11:30:00-04:00,718.4500122070312,2026-05-04 11:50:00-04:00,717.181476408536,stop,-17.656563114228916,-21.656563114228916
SPY,long,2026-05-04 12:20:00-04:00,717.2100219726562,2026-05-04 14:00:00-04:00,718.864361436601,target,23.066318278635034,19.066318278635034
SPY,long,2026-05-07 14:00:00-04:00,731.77001953125,2026-05-07 14:40:00-04:00,730.4406245054145,stop,-18.166841908706655,-22.166841908706655
SPY,long,2026-06-05 12:25:00-04:00,745.1300048828125,2026-06-05 12:30:00-04:00,743.8960030954152,stop,-16.56089245247072,-20.56089245247072
SPY,long,2026-06-05 12:40:00-04:00,744.219970703125,2026-06-05 12:40:00-04:00,742.9749739072365,stop,-16.728881848094844,-20.728881848094844
SPY,long,2026-06-08 13:15:00-04:00,740.9500122070312,2026-06-08 15:10:00-04:00,739.4312617934813,stop,-20.497339746660124,-24.497339746660124
SPY,long,2026-06-09 10:25:00-04:00,741.9400024414062,2026-06-09 10:40:00-04:00,739.7189131303627,stop,-29.936238829756377,-33.93623882975638
SPY,long,2026-06-09 10:55:00-04:00,736.5999755859375,2026-06-09 11:25:00-04:00,734.0184441956168,stop,-35.0465853364601,-39.0465853364601
SPY,long,2026-06-10 11:55:00-04:00,730.780029296875,2026-06-10 14:50:00-04:00,727.7101247332344,stop,-42.00859958631287,-46.00859958631287
SPY,long,2026-06-11 11:05:00-04:00,725.9600219726562,2026-06-11 11:15:00-04:00,728.1937811476596,target,30.769727084054566,26.769727084054566
SPY,long,2026-06-29 10:20:00-04:00,733.719970703125,2026-06-29 10:30:00-04:00,736.4580513403498,target,37.31778807384734,33.31778807384734
SPY,short,2026-05-15 14:20:00-04:00,741.739990234375,2026-05-15 14:30:00-04:00,741.0069967415733,target,9.882081355355732,5.882081355355732
SPY,short,2026-06-11 14:05:00-04:00,733.2899780273438,2026-06-11 14:50:00-04:00,736.0916962565943,stop,-38.20750744183865,-42.20750744183865
QQQ,long,2026-04-24 10:10:00-04:00,658.9400024414062,2026-04-24 10:10:00-04:00,658.9400024414062,target,0.0,-4.0
QQQ,long,2026-05-06 10:10:00-04:00,689.8800048828125,2026-05-06 10:10:00-04:00,689.8800048828125,target,0.0,-4.0
QQQ,long,2026-05-07 12:25:00-04:00,695.594970703125,2026-05-07 13:15:00-04:00,694.0638314724021,stop,-22.011936474687353,-26.011936474687353
QQQ,long,2026-05-07 14:00:00-04:00,695.2999877929688,2026-05-07 14:40:00-04:00,693.447431251768,stop,-26.64398926686573,-30.64398926686573
QQQ,long,2026-05-18 10:40:00-04:00,704.780029296875,2026-05-18 12:25:00-04:00,701.9191797312368,stop,-40.592091811857415,-44.592091811857415
QQQ,long,2026-05-19 10:25:00-04:00,696.9299926757812,2026-05-19 11:15:00-04:00,699.502585215427,target,36.91321318757712,32.91321318757712
QQQ,long,2026-05-29 10:50:00-04:00,736.02001953125,2026-05-29 11:10:00-04:00,738.4081952053042,target,32.44715647239049,28.44715647239049
QQQ,long,2026-06-05 12:50:00-04:00,715.6599731445312,2026-06-05 14:10:00-04:00,713.5680967679809,stop,-29.230031789522215,-33.230031789522215
QQQ,long,2026-06-09 10:25:00-04:00,717.3800048828125,2026-06-09 10:40:00-04:00,714.1757246791409,stop,-44.666427581780965,-48.666427581780965
QQQ,long,2026-06-09 10:55:00-04:00,710.0399780273438,2026-06-09 11:20:00-04:00,706.1973139107517,stop,-54.1189825292343,-58.1189825292343
QQQ,long,2026-06-10 11:55:00-04:00,699.8900146484375,2026-06-10 14:50:00-04:00,695.1233456860568,stop,-68.10597183294576,-72.10597183294576
QQQ,long,2026-06-29 10:20:00-04:00,707.7999877929688,2026-06-29 10:30:00-04:00,712.7976038214175,target,70.60774391974833,66.60774391974833
QQQ,short,2026-04-24 10:15:00-04:00,659.0499877929688,2026-04-24 10:20:00-04:00,658.6466500455766,target,6.119987176432806,2.119987176432806
QQQ,short,2026-05-06 10:05:00-04:00,688.3800048828125,2026-05-06 10:05:00-04:00,688.3800048828125,target,-0.0,-4.0
QQQ,short,2026-05-06 12:20:00-04:00,692.0999755859375,2026-05-06 14:05:00-04:00,693.200623850635,stop,-15.903024180368153,-19.903024180368153
QQQ,short,2026-06-11 13:50:00-04:00,710.02001953125,2026-06-11 15:10:00-04:00,713.9573595470639,stop,-55.453929572482075,-59.453929572482075
