,M,C,P,MC
2000-01-03,-0.3,-0.41403933560541256,0.606217782649107,-0.38333333333333336
2000-02-01,0.48333333333333334,-0.18257418583505536,0.08660254037844387,0.45
2000-03-01,-0.31666666666666665,-0.5477225575051661,-0.5196152422706632,-0.9500000000000001
2000-04-03,-0.03333333333333333,0.10350983390135314,0.606217782649107,0.016666666666666666
2000-05-01,-0.43333333333333335,0.09128709291752768,0.4330127018922193,-0.2833333333333333
2000-06-01,0.3666666666666667,0.5477225575051661,0.4330127018922193,0.9500000000000001
2000-07-03,-0.38333333333333336,0.0,-0.2598076211353316,-0.3666666666666667
2000-08-01,0.48333333333333334,-0.45643546458763845,-0.2598076211353316,0.19999999999999998
2000-09-01,-0.15,-0.6210590034081188,0.606217782649107,-0.31666666666666665
2000-10-02,-0.8833333333333333,-0.3105295017040594,0.17320508075688773,-0.7333333333333334
2000-11-01,-0.38333333333333336,0.27386127875258304,0.08660254037844387,0.0
2000-12-01,-0.09999999999999999,-0.3651483716701107,-0.08660254037844387,-0.31666666666666665
2001-01-02,-0.7166666666666667,-0.10350983390135314,-0.5196152422706632,-0.48333333333333334
2001-02-01,0.38333333333333336,0.10350983390135314,-0.606217782649107,0.3666666666666667
2001-03-01,0.39999999999999997,-0.3105295017040594,0.0,0.06666666666666667
2001-04-02,-0.6333333333333333,-0.3105295017040594,0.2598076211353316,-0.6333333333333333
2001-05-01,0.03333333333333333,0.3651483716701107,0.34641016151377546,0.2833333333333333
2001-06-01,-0.2333333333333333,0.3651483716701107,0.5196152422706632,0.09999999999999999
2001-07-02,0.26666666666666666,0.3651483716701107,-0.17320508075688773,0.4666666666666666
2001-08-01,0.19999999999999998,0.3105295017040594,-0.5196152422706632,0.4666666666666666
2001-09-04,0.43333333333333335,0.0,-0.34641016151377546,0.26666666666666666
2001-10-01,-0.26666666666666666,-0.3105295017040594,0.4330127018922193,-0.41666666666666663
2001-11-01,-0.18333333333333335,0.20701966780270628,0.4330127018922193,0.16666666666666669
2001-12-03,-0.19999999999999998,0.6390096504226938,0.17320508075688773,0.3666666666666667
2002-01-02,0.8333333333333333,0.3105295017040594,0.0,0.7
2002-02-01,0.4666666666666666,-0.20701966780270628,-0.17320508075688773,0.5499999999999999
2002-03-01,-0.43333333333333335,-0.3105295017040594,-0.34641016151377546,-0.7333333333333334
2002-04-01,0.48333333333333334,-0.7245688373094719,-0.2598076211353316,-0.25
2002-05-01,0.6166666666666666,-0.3105295017040594,0.2598076211353316,0.41666666666666663
2002-06-03,0.31666666666666665,-0.5477225575051661,0.2598076211353316,-0.2333333333333333
2002-07-01,0.08333333333333334,0.3105295017040594,0.08660254037844387,0.48333333333333334
2002-08-01,-0.15,0.3651483716701107,-0.6928203230275509,0.15
2002-09-03,0.5166666666666667,0.6210590034081188,-0.4330127018922193,0.6333333333333333
2002-10-01,0.13333333333333333,-0.27386127875258304,0.5196152422706632,-0.03333333333333333
2002-11-01,0.0,-0.6210590034081188,0.8660254037844386,-0.3666666666666667
2002-12-02,-0.06666666666666667,0.3105295017040594,-0.7794228634059946,0.21666666666666667
2003-01-02,0.15,-0.5175491695067657,-0.7794228634059946,-0.38333333333333336
2003-02-03,0.16666666666666669,0.3105295017040594,0.0,0.4666666666666666
2003-03-03,0.21666666666666667,0.0,0.0,0.06666666666666667
2003-04-01,-0.3666666666666667,-0.5175491695067657,0.8660254037844386,-0.5499999999999999
2003-05-01,-0.4666666666666666,-0.7245688373094719,0.0,-0.75
2003-06-02,0.26666666666666666,0.0,0.0,0.09999999999999999
2003-07-01,-0.25,0.41403933560541256,0.8660254037844386,0.11666666666666665
2003-08-01,0.39999999999999997,0.5175491695067657,0.34641016151377546,0.5499999999999999
2003-09-02,-0.45,-0.20701966780270628,-0.5196152422706632,-0.5499999999999999
2003-10-01,0.8499999999999999,0.3105295017040594,0.8660254037844386,0.75
2003-11-03,-0.13333333333333333,0.10350983390135314,0.08660254037844387,-0.049999999999999996
2003-12-01,0.09999999999999999,-0.10350983390135314,-0.17320508075688773,0.0
2004-01-02,-0.26666666666666666,0.0,-0.2598076211353316,-0.31666666666666665
2004-02-02,-0.08333333333333334,-0.7245688373094719,-0.2598076211353316,-0.39999999999999997
2004-03-01,0.19999999999999998,0.0,0.2598076211353316,0.19999999999999998
2004-04-01,-0.9,-0.10350983390135314,-0.6928203230275509,-0.6833333333333333
2004-05-03,0.26666666666666666,-0.45643546458763845,0.7794228634059946,-0.18333333333333335
2004-06-01,0.6166666666666666,-0.6390096504226938,0.2598076211353316,0.16666666666666669
2004-07-01,0.39999999999999997,-0.18257418583505536,0.08660254037844387,0.33333333333333337
2004-08-02,-0.25,0.5477225575051661,0.4330127018922193,0.16666666666666669
2004-09-01,0.3666666666666667,-0.7302967433402214,-0.34641016151377546,-0.2333333333333333
2004-10-01,-0.2333333333333333,0.0,-0.2598076211353316,-0.21666666666666667
2004-11-01,0.049999999999999996,-0.8215838362577491,-0.7794228634059946,-0.5833333333333334
2004-12-01,-0.5833333333333334,0.6390096504226938,0.2598076211353316,0.03333333333333333
2005-01-03,0.45,-0.6210590034081188,0.7794228634059946,-0.09999999999999999
2005-02-01,0.5,0.09128709291752768,0.4330127018922193,0.6
2005-03-01,0.6666666666666667,-0.10350983390135314,0.6928203230275509,0.43333333333333335
2005-04-01,-0.39999999999999997,0.7302967433402214,0.4330127018922193,0.18333333333333335
2005-05-02,-0.25,0.5175491695067657,-0.5196152422706632,0.21666666666666667
2005-06-01,0.2833333333333333,0.09128709291752768,0.4330127018922193,0.3666666666666667
2005-07-01,0.06666666666666667,-0.6390096504226938,-0.2598076211353316,-0.26666666666666666
2005-08-01,0.48333333333333334,0.45643546458763845,0.7794228634059946,0.6333333333333333
2005-09-01,0.38333333333333336,0.10350983390135314,0.4330127018922193,0.3666666666666667
2005-10-03,-0.9333333333333332,0.0,-0.606217782649107,-0.75
2005-11-01,-0.6166666666666666,-0.8215838362577491,-0.8660254037844386,-0.65
2005-12-01,0.6,0.3651483716701107,0.606217782649107,0.5666666666666667
2006-01-03,0.016666666666666666,0.0,0.0,0.19999999999999998
2006-02-01,-0.5333333333333333,0.6210590034081188,-0.606217782649107,-0.03333333333333333
2006-03-01,-0.13333333333333333,0.41403933560541256,-0.4330127018922193,0.26666666666666666
2006-04-03,0.18333333333333335,-0.20701966780270628,-0.2598076211353316,0.03333333333333333
2006-05-01,-0.8333333333333333,-0.41403933560541256,0.4330127018922193,-0.7833333333333333
2006-06-01,0.5166666666666667,-0.41403933560541256,0.606217782649107,0.26666666666666666
2006-07-03,-0.33333333333333337,0.6390096504226938,0.7794228634059946,0.38333333333333336
2006-08-01,-0.3666666666666667,-0.09128709291752768,-0.4330127018922193,-0.33333333333333337
2006-09-01,-0.48333333333333334,-0.3651483716701107,-0.6928203230275509,-0.7
2006-10-02,-0.31666666666666665,-0.3651483716701107,-0.2598076211353316,-0.35
2006-11-01,0.049999999999999996,-0.6390096504226938,-0.2598076211353316,-0.2833333333333333
2006-12-01,0.0,0.18257418583505536,-0.17320508075688773,0.09999999999999999
2007-01-03,0.0,-0.18257418583505536,0.0,0.049999999999999996
2007-02-01,0.13333333333333333,0.3651483716701107,0.2598076211353316,0.18333333333333335
2007-03-01,-0.03333333333333333,-0.20701966780270628,0.606217782649107,-0.3
2007-04-02,-0.6166666666666666,-0.41403933560541256,0.0,-0.7333333333333334
2007-05-01,-0.5,0.7245688373094719,-0.4330127018922193,0.03333333333333333
2007-06-01,-0.33333333333333337,-0.45643546458763845,-0.08660254037844387,-0.45
2007-07-02,-0.06666666666666667,0.7245688373094719,0.08660254037844387,0.5166666666666667
2007-08-01,-0.5,-0.20701966780270628,0.5196152422706632,-0.43333333333333335
2007-09-04,0.5499999999999999,-0.3651483716701107,-0.08660254037844387,0.33333333333333337
2007-10-01,0.19999999999999998,0.6390096504226938,-0.5196152422706632,0.65
2007-11-01,0.13333333333333333,0.8215838362577491,-0.8660254037844386,0.8666666666666667
2007-12-03,0.9833333333333333,-0.27386127875258304,-0.08660254037844387,0.3
2008-01-02,-0.5833333333333334,-0.10350983390135314,0.606217782649107,-0.5
2008-02-01,0.5,0.20701966780270628,-0.34641016151377546,0.5666666666666667
2008-03-03,-0.45,-0.3105295017040594,0.606217782649107,-0.5833333333333334
2008-04-01,-0.2333333333333333,-0.7245688373094719,0.17320508075688773,-0.5499999999999999
2008-05-01,0.8666666666666667,-0.20701966780270628,-0.34641016151377546,0.43333333333333335
2008-06-02,0.6333333333333333,-0.8215838362577491,-0.8660254037844386,-0.15
2008-07-01,-0.7,0.45643546458763845,0.17320508075688773,-0.39999999999999997
2008-08-01,-0.5,0.3651483716701107,0.08660254037844387,-0.08333333333333334
2008-09-02,-0.26666666666666666,0.09128709291752768,-0.4330127018922193,-0.3666666666666667
2008-10-01,0.4666666666666666,-0.5477225575051661,-0.6928203230275509,0.0
2008-11-03,0.7666666666666667,0.41403933560541256,-0.8660254037844386,0.7666666666666667
2008-12-01,-0.4666666666666666,-0.20701966780270628,0.6928203230275509,-0.4666666666666666
2009-01-02,0.6166666666666666,0.3105295017040594,-0.6928203230275509,0.6
2009-02-02,0.3666666666666667,-0.45643546458763845,0.0,-0.06666666666666667
2009-03-02,-0.9166666666666666,-0.5175491695067657,0.8660254037844386,-0.9166666666666666
2009-04-01,-0.9500000000000001,0.8215838362577491,0.7794228634059946,-0.08333333333333334
2009-05-01,-0.5666666666666667,0.18257418583505536,0.0,-0.5
2009-06-01,0.5333333333333333,-0.27386127875258304,-0.34641016151377546,0.19999999999999998
2009-07-01,-0.4666666666666666,0.5477225575051661,0.8660254037844386,0.049999999999999996
2009-08-03,0.06666666666666667,0.6390096504226938,0.08660254037844387,0.5833333333333334
2009-09-01,-0.08333333333333334,0.5175491695067657,0.4330127018922193,0.35
2009-10-01,0.31666666666666665,0.10350983390135314,-0.2598076211353316,0.26666666666666666
2009-11-02,0.5499999999999999,0.10350983390135314,0.17320508075688773,0.5833333333333334
2009-12-01,0.5,0.3105295017040594,0.34641016151377546,0.45
2010-01-04,-0.6,0.45643546458763845,-0.34641016151377546,-0.19999999999999998
2010-02-01,0.45,-0.45643546458763845,0.6928203230275509,0.049999999999999996
2010-03-01,0.8166666666666667,-0.7302967433402214,0.8660254037844386,0.049999999999999996
2010-04-01,0.3666666666666667,0.41403933560541256,0.34641016151377546,0.48333333333333334
2010-05-03,-0.31666666666666665,-0.20701966780270628,-0.4330127018922193,-0.26666666666666666
2010-06-01,-0.9333333333333332,-0.5175491695067657,-0.8660254037844386,-0.8833333333333333
2010-07-01,0.3,-0.6390096504226938,0.4330127018922193,-0.48333333333333334
2010-08-02,-0.43333333333333335,0.8215838362577491,-0.6928203230275509,0.2333333333333333
2010-09-01,0.33333333333333337,-0.5477225575051661,0.2598076211353316,-0.25
2010-10-01,0.19999999999999998,-0.6390096504226938,0.5196152422706632,-0.35
2010-11-01,0.2333333333333333,0.0,0.34641016151377546,0.09999999999999999
2010-12-01,-0.38333333333333336,0.10350983390135314,0.5196152422706632,-0.3
2011-01-03,0.16666666666666669,0.5175491695067657,0.2598076211353316,0.45
2011-02-01,-0.11666666666666665,-0.3105295017040594,-0.606217782649107,-0.26666666666666666
2011-03-01,0.45,0.0,-0.17320508075688773,0.2333333333333333
2011-04-01,-0.35,-0.10350983390135314,-0.4330127018922193,-0.31666666666666665
2011-05-02,-0.3,-0.20701966780270628,-0.606217782649107,-0.3
2011-06-01,0.2333333333333333,-0.45643546458763845,0.606217782649107,-0.39999999999999997
2011-07-01,0.19999999999999998,-0.20701966780270628,-0.34641016151377546,-0.03333333333333333
2011-08-01,-0.16666666666666669,0.5175491695067657,-0.5196152422706632,0.2833333333333333
2011-09-01,-0.43333333333333335,0.3105295017040594,-0.34641016151377546,-0.16666666666666669
2011-10-03,-0.08333333333333334,-0.5175491695067657,0.4330127018922193,-0.35
2011-11-01,0.41666666666666663,0.0,-0.6928203230275509,0.25
2011-12-01,-0.09999999999999999,-0.3105295017040594,-0.17320508075688773,-0.35
2012-01-03,-0.9666666666666667,0.3105295017040594,0.8660254037844386,-0.38333333333333336
2012-02-01,-0.11666666666666665,0.3105295017040594,0.17320508075688773,0.11666666666666665
2012-03-01,0.11666666666666665,0.10350983390135314,0.2598076211353316,0.11666666666666665
2012-04-02,0.6666666666666667,-0.41403933560541256,-0.606217782649107,0.2333333333333333
2012-05-01,0.7,0.8215838362577491,-0.4330127018922193,0.9500000000000001
2012-06-01,-0.5499999999999999,-0.18257418583505536,0.0,-0.5166666666666667
2012-07-02,0.21666666666666667,0.3105295017040594,-0.7794228634059946,0.2333333333333333
2012-08-01,-0.38333333333333336,-0.3105295017040594,0.5196152422706632,-0.3
2012-09-04,-0.7,0.0,0.08660254037844387,-0.5666666666666667
2012-10-01,0.03333333333333333,-0.10350983390135314,0.17320508075688773,-0.13333333333333333
2012-11-01,0.7833333333333333,0.09128709291752768,0.08660254037844387,0.4666666666666666
2012-12-03,-0.03333333333333333,-0.7245688373094719,0.6928203230275509,-0.45
2013-01-02,0.15,0.27386127875258304,-0.34641016151377546,0.2333333333333333
2013-02-01,0.43333333333333335,0.09128709291752768,-0.4330127018922193,0.38333333333333336
2013-03-01,0.6,-0.5175491695067657,-0.6928203230275509,0.15
2013-04-01,0.45,-0.41403933560541256,-0.17320508075688773,0.13333333333333333
2013-05-01,-0.09999999999999999,-0.5175491695067657,0.606217782649107,-0.21666666666666667
2013-06-03,0.38333333333333336,0.3105295017040594,-0.34641016151377546,0.5
2013-07-01,0.5666666666666667,-0.20701966780270628,-0.17320508075688773,0.26666666666666666
2013-08-01,-0.25,0.3105295017040594,0.2598076211353316,-0.08333333333333334
2013-09-03,0.25,0.41403933560541256,0.6928203230275509,0.5166666666666667
2013-10-01,-0.3,0.41403933560541256,-0.17320508075688773,-0.016666666666666666
2013-11-01,0.5166666666666667,-0.27386127875258304,0.5196152422706632,0.25
2013-12-02,0.35,-0.8215838362577491,0.8660254037844386,-0.43333333333333335
2014-01-02,-0.13333333333333333,0.5477225575051661,-0.34641016151377546,0.11666666666666665
2014-02-03,0.39999999999999997,-0.20701966780270628,0.17320508075688773,0.21666666666666667
2014-03-03,-0.6333333333333333,0.0,-0.17320508075688773,-0.45
2014-04-01,-0.7166666666666667,0.0,-0.606217782649107,-0.5333333333333333
2014-05-01,0.5,-0.45643546458763845,0.5196152422706632,0.21666666666666667
2014-06-02,0.09999999999999999,-0.20701966780270628,-0.4330127018922193,0.049999999999999996
2014-07-01,0.31666666666666665,0.10350983390135314,0.2598076211353316,0.2833333333333333
2014-08-01,-0.5833333333333334,0.10350983390135314,0.4330127018922193,-0.31666666666666665
2014-09-02,-0.3666666666666667,0.8215838362577491,-0.4330127018922193,0.45
2014-10-01,0.0,0.10350983390135314,-0.34641016151377546,0.09999999999999999
2014-11-03,-0.049999999999999996,0.18257418583505536,0.17320508075688773,0.06666666666666667
2014-12-01,0.03333333333333333,-0.3105295017040594,0.17320508075688773,-0.13333333333333333
2015-01-02,0.43333333333333335,0.8215838362577491,-0.606217782649107,0.5166666666666667
2015-02-02,-0.3,-0.6390096504226938,0.8660254037844386,-0.3
2015-03-02,0.38333333333333336,0.5477225575051661,-0.7794228634059946,0.38333333333333336
2015-04-01,-0.25,-0.41403933560541256,0.34641016151377546,-0.39999999999999997
2015-05-01,0.8166666666666667,0.3105295017040594,0.08660254037844387,0.7333333333333334
2015-06-01,0.6,0.3105295017040594,0.34641016151377546,0.6
2015-07-01,0.38333333333333336,0.41403933560541256,-0.34641016151377546,0.4666666666666666
2015-08-03,-0.8666666666666667,0.10350983390135314,-0.2598076211353316,-0.5
2015-09-01,0.4666666666666666,0.0,0.0,0.45
2015-10-01,-0.7166666666666667,-0.3105295017040594,0.2598076211353316,-0.7333333333333334
2015-11-02,0.03333333333333333,-0.3105295017040594,0.8660254037844386,-0.049999999999999996
2015-12-01,0.38333333333333336,-0.27386127875258304,-0.4330127018922193,0.06666666666666667
2016-01-04,0.15,0.10350983390135314,0.34641016151377546,0.08333333333333334
2016-02-01,0.15,-0.20701966780270628,-0.606217782649107,0.03333333333333333
2016-03-01,-0.06666666666666667,-0.5175491695067657,0.08660254037844387,-0.33333333333333337
2016-04-01,-0.9500000000000001,0.09128709291752768,0.0,-0.43333333333333335
2016-05-02,0.06666666666666667,-0.45643546458763845,0.17320508075688773,-0.31666666666666665
2016-06-01,0.33333333333333337,-0.45643546458763845,0.8660254037844386,-0.06666666666666667
2016-07-01,-0.15,0.10350983390135314,-0.5196152422706632,0.016666666666666666
2016-08-01,-0.3,0.3105295017040594,-0.34641016151377546,-0.03333333333333333
2016-09-01,-0.049999999999999996,-0.18257418583505536,0.08660254037844387,-0.26666666666666666
2016-10-03,0.16666666666666669,-0.10350983390135314,0.0,0.15
2016-11-01,-0.5272727272727272,-0.3481553119113957,-0.5427204202399745,-0.709090909090909
2016-12-01,0.406060606060606,-0.17407765595569785,0.4020151261036848,0.22424242424242422
2017-01-03,-0.1515151515151515,0.3481553119113957,-0.5092191597313341,0.06666666666666665
2017-02-01,-0.29696969696969694,-0.08703882797784893,0.2010075630518424,-0.24848484848484845
2017-03-01,-0.5393939393939393,0.08703882797784893,0.13400504203456162,-0.2727272727272727
2017-04-03,0.11515151515151514,0.5222329678670935,-0.5762216807486149,0.2727272727272727
2017-05-01,0.2121212121212121,0.5698028822981897,0.12060453783110543,0.4666666666666666
2017-06-01,-0.07878787878787878,-0.26590801173915524,-0.1943073109501143,-0.4424242424242424
2017-07-03,0.38181818181818183,-0.11396057645963793,-0.31491184878121975,0.2121212121212121
2017-08-01,0.04242424242424241,0.3481553119113957,0.05360201681382464,0.17575757575757575
2017-09-01,0.22424242424242422,0.17407765595569785,-0.28811084037430745,0.16363636363636364
2017-10-02,0.5030303030303029,0.17407765595569785,-0.5360201681382465,0.49090909090909085
2017-11-01,-0.19999999999999998,-0.26111648393354675,0.060302268915552716,-0.29696969696969694
2017-12-01,-0.2121212121212121,0.17407765595569785,-0.4355163866123251,-0.09090909090909088
2018-01-02,0.406060606060606,0.26111648393354675,-0.5092191597313341,0.43030303030303024
2018-02-01,0.32121212121212117,-0.18993429409939655,-0.5360201681382465,0.16363636363636364
2018-03-01,-0.6848484848484848,-0.08703882797784893,0.6231234454607114,-0.6484848484848483
2018-04-02,0.07878787878787878,-0.18993429409939655,0.046901764712096554,-0.05454545454545454
2018-05-01,0.5878787878787878,-0.7217503175777069,-0.5360201681382465,-0.22424242424242422
2018-06-01,-0.5878787878787878,0.6457765999379483,0.6164231933589833,0.05454545454545454
2018-07-02,-0.23636363636363633,0.17407765595569785,-0.09380352942419311,-0.06666666666666665
2018-08-01,0.23636363636363633,0.26111648393354675,-0.24790932776393895,0.24848484848484845
2018-09-04,0.34545454545454546,0.26590801173915524,0.335012605086404,0.709090909090909
2018-10-01,-0.5878787878787878,0.6457765999379483,0.39531487400195675,0.07878787878787878
2018-11-01,-0.3696969696969697,0.3418817293789138,0.21440806725529857,-0.10303030303030303
2018-12-03,0.006060606060606061,0.41785544701867244,0.09380352942419311,0.2606060606060606
2019-01-02,-0.23636363636363633,-0.6457765999379483,-0.2613098319673951,-0.43030303030303024
2019-02-01,0.09090909090909088,-0.18993429409939655,-0.5494206723417026,-0.05454545454545454
2019-03-01,0.35757575757575755,-0.18993429409939655,-0.15410579833974583,0.18787878787878787
2019-04-01,-0.23636363636363633,0.3481553119113957,-0.6164231933589833,0.04242424242424241
2019-05-01,0.5515151515151515,0.5698028822981897,0.47571789922269364,0.6363636363636362
2019-06-03,-0.5030303030303029,0.4351941398892446,-0.6231234454607114,-0.06666666666666665
2019-07-01,0.5181818181818182,-0.07453559924999299,-0.009808164772274995,0.39090909090909093
2019-08-01,0.8909090909090911,0.5163977794943223,0.29424494316824984,0.881818181818182
2019-09-03,-0.1272727272727273,-0.06454972243679029,0.14712247158412492,-0.3272727272727273
2019-10-01,-0.6545454545454547,0.38729833462074176,0.3874225085048623,-0.10000000000000002
2019-11-01,-0.4909090909090909,0.12909944487358058,0.16673880112867492,-0.20000000000000004
2019-12-02,-0.10000000000000002,-0.5163977794943223,0.3236694374850749,-0.39090909090909093
2020-01-02,0.33636363636363636,0.38729833462074176,-0.20106737783163742,0.6454545454545455
2020-02-03,0.18181818181818182,0.06454972243679029,-0.26972453123756235,0.09090909090909091
2020-03-02,0.5272727272727273,0.12909944487358058,-0.31876535509893733,0.3272727272727273
2020-04-01,-0.5,-0.29814239699997197,0.2206837073761874,-0.5454545454545455
2020-05-01,-0.13636363636363638,-0.6708203932499368,0.4413674147523748,-0.3090909090909091
2020-06-01,0.48181818181818187,-0.223606797749979,0.6277225454255997,0.33636363636363636
2020-07-01,0.5272727272727273,0.19364916731037088,0.39723067327713724,0.4727272727272727
2020-08-03,0.5181818181818182,0.6454972243679028,0.7307082755344871,0.7272727272727273
2020-09-01,-0.05454545454545456,-0.451848057057532,-0.28934086078211235,-0.18181818181818182
2020-10-01,-0.6090909090909091,-0.25819888974716115,-0.24520411930687486,-0.5181818181818182
2020-11-02,-0.14545454545454548,0.38729833462074176,0.3874225085048623,0.03636363636363637
2020-12-01,0.018181818181818184,-0.06454972243679029,0.14221838919798743,-0.10909090909090911
2021-01-04,-0.045454545454545456,-0.38729833462074176,-0.07846531817819996,-0.29090909090909095
2021-02-01,-0.13636363636363638,-0.6454972243679028,0.31876535509893733,-0.6727272727272727
2021-03-01,-0.6454545454545455,-0.451848057057532,-0.2255877897623249,-0.6181818181818182
2021-04-01,-0.20000000000000004,-0.451848057057532,0.2795326960098374,-0.4272727272727273
2021-05-03,0.44545454545454555,-0.12909944487358058,0.05884898863364998,0.26363636363636367
2021-06-01,-0.4000000000000001,0.25819888974716115,-0.1961632954454999,-0.08181818181818183
2021-07-01,-0.7727272727272727,0.5163977794943223,-0.3629020965741748,-0.28181818181818186
2021-08-02,-0.17272727272727276,-0.06454972243679029,0.07356123579206246,-0.36363636363636365
2021-09-01,0.3545454545454546,-0.38729833462074176,0.2353959545345999,0.02727272727272728
2021-10-01,0.22727272727272727,-0.5809475019311126,0.3874225085048623,-0.3727272727272728
2021-11-01,-0.5909090909090909,0.25819888974716115,0.17164288351481238,-0.3727272727272728
2021-12-01,-0.3454545454545455,0.07453559924999299,-0.8042695113265497,-0.28181818181818186
2022-01-03,-0.13636363636363638,0.12909944487358058,-0.2746286136236999,0.22727272727272727
2022-02-01,0.02727272727272728,0.5809475019311126,-0.7209001107622122,0.7090909090909092
2022-03-01,0.3454545454545455,0.12909944487358058,-0.2206837073761874,0.38181818181818183
2022-04-01,0.3181818181818182,0.5163977794943223,0.5590653920196748,0.7000000000000001
2022-05-02,0.3272727272727273,0.447213595499958,0.30895719032666236,0.4000000000000001
2022-06-01,0.15454545454545454,0.6708203932499368,0.5149286505444373,0.3727272727272728
2022-07-01,-0.3181818181818182,-0.5962847939999439,-0.6130102982671872,-0.3545454545454546
2022-08-01,0.4727272727272727,0.0,0.5051204857721623,0.3090909090909091
2022-09-01,0.39090909090909093,0.3726779962499649,0.13731430681184995,0.4909090909090909
2022-10-03,0.3454545454545455,0.223606797749979,-0.01961632954454999,0.4090909090909091
2022-11-01,-0.3272727272727273,-0.29814239699997197,-0.40213475566327483,-0.3090909090909091
2022-12-01,0.5727272727272729,-0.19364916731037088,0.5394490624751247,0.06363636363636364
2023-01-03,-0.8636363636363636,-0.5217491947499509,-0.6228184630394623,-0.8727272727272729
2023-02-01,-0.009090909090909092,-0.223606797749979,-0.5247368153167122,-0.03636363636363637
2023-03-01,-0.21818181818181823,0.223606797749979,0.35309393180189985,-0.10909090909090911
2023-04-03,-0.20000000000000004,0.447213595499958,0.3923265908909998,0.06363636363636364
2023-05-01,-0.06363636363636364,0.38729833462074176,-0.6914756164453872,0.23636363636363636
2023-06-01,-0.24545454545454545,-0.5962847939999439,-0.7650368522374495,-0.4272727272727273
2023-07-03,0.5272727272727273,0.0,-0.06375307101978747,0.38181818181818183
2023-08-01,0.3545454545454546,0.0,-0.17164288351481238,0.23636363636363636
2023-09-01,0.3272727272727273,-0.12909944487358058,0.28934086078211235,0.14545454545454548
2023-10-02,-0.17272727272727276,-0.14907119849998599,0.10788981249502495,-0.19090909090909092
2023-11-01,0.22727272727272727,0.5163977794943223,-0.7552286874651747,0.4090909090909091
2023-12-01,-0.23636363636363636,0.223606797749979,-0.14712247158412492,0.009090909090909092
2024-01-02,0.44545454545454555,0.06454972243679029,-0.16183471874253744,0.27272727272727276
2024-02-01,0.6727272727272727,-0.447213595499958,-0.7405164403067622,0.24545454545454545
2024-03-01,-0.6181818181818182,-0.12909944487358058,0.24520411930687486,-0.5818181818181819
2024-04-01,-0.6727272727272727,0.12909944487358058,0.39723067327713724,-0.41818181818181827
2024-05-01,-0.018181818181818184,-0.5163977794943223,0.17164288351481238,-0.38181818181818183
2024-06-03,0.06363636363636364,0.06454972243679029,-0.2746286136236999,0.16363636363636366
2024-07-01,-0.36363636363636365,0.0,0.10298573010888745,-0.33636363636363636
2024-08-01,-0.4727272727272727,0.5217491947499509,0.15693063635639992,-0.05454545454545456
2024-09-03,0.13636363636363638,0.19364916731037088,-0.31386127271279984,0.3727272727272728
2024-10-01,0.3454545454545455,0.5163977794943223,0.5737776391780872,0.6000000000000001
2024-11-01,0.36363636363636365,0.6454972243679028,0.35309393180189985,0.5545454545454546
2024-12-02,0.39090909090909093,-0.5217491947499509,0.16183471874253744,-0.17272727272727276
2025-01-02,-0.02727272727272728,0.25819888974716115,0.1912592130593624,-0.02727272727272728
2025-02-03,-0.3545454545454546,-0.223606797749979,-0.7405164403067622,-0.5909090909090909
2025-03-03,-0.33636363636363636,0.25819888974716115,-0.4707919090691998,-0.14545454545454548
2025-04-01,0.38181818181818183,-0.29814239699997197,0.3825184261187248,-0.009090909090909092
2025-05-01,0.14545454545454548,-0.5962847939999439,0.7699409346235871,-0.41818181818181827
2025-06-02,-0.28181818181818186,-0.447213595499958,0.4119429204355498,-0.5363636363636364
2025-07-01,0.21818181818181823,-0.5217491947499509,0.0,-0.23636363636363636
2025-08-01,-0.23636363636363636,0.5217491947499509,0.16183471874253744,0.39090909090909093
2025-09-02,0.6090909090909091,-0.5962847939999439,0.05884898863364998,-0.08181818181818183
2025-10-01,0.2545454545454546,-0.3726779962499649,-0.01961632954454999,-0.20909090909090913
2025-11-03,-0.7454545454545456,0.6708203932499368,-0.5394490624751247,0.009090909090909092
2025-12-01,0.14545454545454548,-0.6454972243679028,0.6718592869008371,-0.3545454545454546
2026-01-02,-0.5,0.07453559924999299,-0.09317756533661245,-0.36363636363636365
2026-02-02,-0.20000000000000004,0.5962847939999439,-0.5100245681582998,0.20000000000000004
2026-03-02,0.14545454545454548,0.3726779962499649,-0.024520411930687488,0.3545454545454546
2026-04-01,0.10000000000000002,-0.447213595499958,0.6914756164453872,-0.18181818181818182
2026-05-01,0.13636363636363638,-0.223606797749979,0.6130102982671872,0.08181818181818183
2026-06-01,-0.5090909090909091,0.451848057057532,-0.05884898863364998,-0.19090909090909092
2026-07-01,-0.4272727272727273,-0.06454972243679029,-0.35799801418803734,-0.44545454545454555
2026-08-03,0.5,0.5217491947499509,-0.2795326960098374,0.5545454545454546
2026-09-01,0.26363636363636367,-0.14907119849998599,0.034328576702962486,0.07272727272727274
