start,SPY,T,V,TV,EW,M,C,P,MC,SYS,EW_TV
1993-02-01,0.0002054361979728636,,,,,,,,,,
1993-03-01,0.0217397940870403,,,,,,,,,,
1993-04-01,-0.015961100103057402,,,,,,,,,,
1993-05-03,0.03032434421810648,,,,,,,,,,
1993-06-01,-0.008766474593773776,,,,,,,,,,
1993-07-01,0.0006952851255190851,,,,,,,,,,
1993-08-02,0.03405111932884286,,,,,,,,,,
1993-09-01,-0.0012077422572872587,,,,,,,,,,
1993-10-01,0.017603129010210106,,,,,,,,,,
1993-11-01,-0.011975888667519308,-0.012469900723185545,,,,,,,,,
1993-12-01,0.008201582667129337,0.008201582667129337,,,,,,,,,
1994-01-03,0.03227951797289008,0.03227951797289008,,,,,,,,,
1994-02-01,-0.028012978173001857,-0.028012978173001857,-0.028498971683915353,-0.028498971683915353,,,,,,,
1994-03-01,-0.05287896326706765,-0.05287896326706765,-0.03938939149366261,-0.03938939149366261,,,,,,,
1994-04-04,0.033452086463690245,0.0021682542465755184,0.02829824622499011,0.0022954191854729356,,,,,,,
1994-05-02,0.014119016308519194,0.0031808219178082187,0.011095694604912998,0.0031808219178082187,,,,,,,
1994-06-01,-0.02517695882558746,0.0034191780821917206,-0.025308169796421476,0.0034191780821917206,,,,,,,
1994-07-01,0.03506352428914217,0.003524657534246467,0.028288774034625375,0.003524657534246467,,,,,,,
1994-08-01,0.029810190016680504,0.029295284921672327,0.029703991619285386,0.029295284921672327,,,,,,,
1994-09-01,-0.024365404599798968,-0.024365404599798968,-0.024365404599798968,-0.024365404599798968,,,,,,,
1994-10-03,0.019335111950758987,0.019335111950758987,0.018070417074433243,0.018070417074433243,,,,,,,
1994-11-01,-0.03860216494928881,-0.03860216494928881,-0.029097912516031,-0.029097912516031,,,,,,,
1994-12-01,0.0222782358658975,0.004524335890411013,0.018710396072828983,0.0046407742576919375,,,,,,,
1995-01-03,0.028327153459476007,0.027812989882746386,0.027955631230630162,0.02754609901658478,,,,,,,
1995-02-01,0.03451777577769022,0.03451777577769022,0.03451201375047641,0.03451201375047641,,,,,,,
1995-03-01,0.03702314861826994,0.03702314861826994,0.03702314861826994,0.03702314861826994,,,,,,,
1995-04-03,0.024261003050297436,0.024261003050297436,0.024261003050297436,0.024261003050297436,,,,,,,
1995-05-01,0.039781457592698244,0.039781457592698244,0.039781457592698244,0.039781457592698244,,,,,,,
1995-06-01,0.026730572000121855,0.026730572000121855,0.0220267613390861,0.0220267613390861,,,,,,,
1995-07-03,0.026609294602814693,0.026609294602814693,0.026402178573015078,0.026402178573015078,,,,,,,
1995-08-01,0.010590452186489907,0.010590452186489907,0.010312261263218492,0.010312261263218492,,,,,,,
1995-09-01,0.03250920057543327,0.03250920057543327,0.03248702418621696,0.03248702418621696,,,,,,,
1995-10-02,0.010204353415783185,0.010204353415783185,0.010204353415783185,0.010204353415783185,,,,,,,
1995-11-01,0.03747973136673255,0.03747973136673255,0.03747973136673255,0.03747973136673255,,,,,,,
1995-12-01,0.025259567223522295,0.025259567223522295,0.025259567223522295,0.025259567223522295,,,,,,,
1996-01-02,0.02841342190732643,0.02841342190732643,0.0245294376129348,0.0245294376129348,,,,,,,
1996-02-01,0.015402775448565942,0.015402775448565942,0.01292376558001651,0.01292376558001651,,,,,,,
1996-03-01,0.012907263421191972,0.012907263421191972,0.010350692047139454,0.010350692047139454,,,,,,,
1996-04-01,0.0014325385037183835,0.0014325385037183835,0.002492120460195757,0.002492120460195757,,,,,,,
1996-05-01,0.023366657339170205,0.023366657339170205,0.020148229654758376,0.020148229654758376,,,,,,,
1996-06-03,0.014668293573398161,0.014668293573398161,0.01249444536813149,0.01249444536813149,,,,,,,
1996-07-01,-0.03739665250509139,-0.03739665250509139,-0.037491832411833736,-0.037491832411833736,,,,,,,
1996-08-01,0.009112114299912877,0.009112114299912877,0.006839165894715338,0.006839165894715338,,,,,,,
1996-09-03,0.05483103496645425,0.05483103496645425,0.04851658255646307,0.04851658255646307,,,,,,,
1996-10-01,0.023097721370567426,0.023097721370567426,0.022439367559619283,0.022439367559619283,,,,,,,
1996-11-01,0.07724671934075555,0.07724671934075555,0.0772295048018179,0.0772295048018179,,,,,,,
1996-12-02,-0.021721230651172374,-0.021721230651172374,-0.021721230651172374,-0.021721230651172374,,,,,,,
1997-01-02,0.062263086845657734,0.062263086845657734,0.04095231572895508,0.04095231572895508,,,,,,,
1997-02-03,0.013312259166742058,0.013312259166742058,0.011061089350905995,0.011061089350905995,,,,,,,
1997-03-03,-0.04439392779987894,-0.04439392779987894,-0.028221697377644017,-0.028221697377644017,,,,,,,
1997-04-01,0.05458236162073837,0.05458236162073837,0.035002436792515246,0.035002436792515246,,,,,,,
1997-05-01,0.05976628528043837,0.05976628528043837,0.032227827205438375,0.032227827205438375,,,,,,,
1997-06-02,0.05791764811226563,0.05791764811226563,0.041064588272948344,0.041064588272948344,,,,,,,
1997-07-01,0.06260994091380634,0.06260994091380634,0.04343181926921513,0.04343181926921513,,,,,,,
1997-08-01,-0.017117173282114706,-0.017117173282114706,-0.010643541080370689,-0.010643541080370689,,,,,,,
1997-09-02,0.028541709543008498,0.028541709543008498,0.017936798247731423,0.017936798247731423,,,,,,,
1997-10-01,-0.016993608297620755,-0.016993608297620755,-0.009231282681363862,-0.009231282681363862,,,,,,,
1997-11-03,0.04355085278658111,0.04355085278658111,0.01716085530179412,0.01716085530179412,,,,,,,
1997-12-01,-0.0014578298959693203,-0.0014578298959693203,0.0006332644474220661,0.0006332644474220661,,,,,,,
1998-01-02,0.02434322693368407,0.02434322693368407,0.020882285846663073,0.020882285846663073,,,,,,,
1998-02-02,0.04971844260639702,0.04971844260639702,0.03450163417722574,0.03450163417722574,,,,,,,
1998-03-02,0.059484596677911616,0.059484596677911616,0.05931490697738351,0.05931490697738351,,,,,,,
1998-04-01,0.01593083997839817,0.01593083997839817,0.01593083997839817,0.01593083997839817,,,,,,,
1998-05-01,-0.027199418463667913,-0.027199418463667913,-0.023312354094420007,-0.023312354094420007,,,,,,,
1998-06-01,0.04983537399796578,0.04983537399796578,0.044428318811429834,0.044428318811429834,,,,,,,
1998-07-01,-0.028898894561933064,-0.028898894561933064,-0.01756234457098027,-0.01756234457098027,,,,,,,
1998-08-03,-0.1010665122193598,-0.1010665122193598,-0.08142748265389066,-0.08142748265389066,,,,,,,
1998-09-01,-0.00900441130310059,0.003418587671232931,-0.0013030364946592377,0.003521567030462469,,,,,,,
1998-10-01,0.13219516069307047,0.003734794520547924,0.05397117588859124,0.003734794520547924,,,,,,,
1998-11-02,0.051396739773246214,0.05087104140335974,0.03146708469968984,0.031250400040435,,,,,,,
1998-12-01,0.04943662326070175,0.04943662326070175,0.042883535080756374,0.042883535080756374,,,,,,,
1999-01-04,0.03149556555561217,0.03149556555561217,0.02239900168864084,0.02239900168864084,,,,,,,
1999-02-01,-0.02363919842698281,-0.02363919842698281,-0.014858283518485282,-0.014858283518485282,,,,,,,
1999-03-01,0.04641567371713107,0.04641567371713107,0.035426535254961866,0.035426535254961866,,,,,,,
1999-04-01,0.04904563757073732,0.04904563757073732,0.03605600463231329,0.03605600463231329,,,,,,,
1999-05-03,-0.043758680901205604,-0.043758680901205604,-0.03409401895569708,-0.03409401895569708,,,,,,,
1999-06-01,0.06703666165994071,0.06703666165994071,0.05571062475164812,0.05571062475164812,,,,,,,
1999-07-01,-0.03599761334521212,-0.03599761334521212,-0.036079458402672016,-0.036079458402672016,,,,,,,
1999-08-02,0.004697502543508536,0.004697502543508536,0.004697502543508536,0.004697502543508536,,,,,,,
1999-09-01,-0.036330814612728135,-0.036330814612728135,-0.030163918166231096,-0.030163918166231096,,,,,,,
1999-10-01,0.05521763090437126,0.003523740547945131,0.04433098938663704,0.0036042097215991387,,,,,,,
1999-11-01,0.03573068398041612,0.03521281863842596,0.024631224069884494,0.024371390566134243,,,,,,,
1999-12-01,0.03837630298497663,0.03837630298497663,0.03819905676329105,0.03819905676329105,,,,,,,
2000-01-03,-0.03094122329100102,-0.03094122329100102,-0.03094122329100102,-0.03094122329100102,-0.025574095923113327,-0.029259061357653993,-0.030250232448270742,-0.018777628997396656,-0.02990726780041275,-0.02990726780041275,-0.025574095923113327
2000-02-01,-0.017738416810358593,-0.017738416810358593,-0.006385016913036279,-0.006385016913036279,-0.06262121596687775,-0.05338550005249798,-0.06643905210357903,-0.06393831485911428,-0.05989828059196556,-0.02638420521065521,-0.027700021063140956
2000-03-01,0.09532775459426013,0.09532775459426013,0.0680783421261697,0.0680783421261697,0.12216450407199919,0.11606790382510934,0.11608530917287796,0.1160846333200205,0.11598334844236158,0.08253681624473286,0.08685955849574856
2000-04-03,-0.027685840813036044,-0.027685840813036044,-0.014874953358558818,-0.014874953358558818,-0.010440908160544993,-0.01183388217223491,-0.00963386717816428,-0.0058771586993586755,-0.010817078649915657,-0.004749877071644426,-0.004539319548390042
2000-05-01,-0.011900368255242433,-0.011900368255242433,-0.003356833260746317,-0.003356833260746317,0.0001046445284755837,-0.0050162262590282,0.001459351303937595,0.005735855247535948,-0.002333971839378113,0.0013187368229552465,0.002477036591705728
2000-06-01,0.015935065640160895,0.015935065640160895,0.011890410807460006,0.011890410807460006,-0.01540712992200155,-0.011834890777464246,-0.01059906744146355,-0.012030837761477953,-0.010726681771854651,-0.005261061391586219,-0.008274829576861653
2000-07-03,-0.023127578281494143,-0.023127578281494143,-0.023300221285966538,-0.023300221285966538,-0.0016536573517059727,-0.005967215150773142,-0.0015392435805410276,-0.002705224271727924,-0.003749323586469955,-0.0039002320966396997,-0.00181442336698312
2000-08-01,0.05994758015360224,0.05994758015360224,0.0561154109414328,0.0561154109414328,0.041315745420658745,0.04708205745622274,0.035343536795153785,0.038425609011880635,0.04141160093019147,0.03888176716185732,0.03878663241758806
2000-09-01,-0.05439228101078908,-0.05439228101078908,-0.05442343161883656,-0.05442343161883656,-0.016287816702804103,-0.020545620565439182,-0.027788357076502956,-0.0047679075351049205,-0.02414561991537678,-0.024146990631880416,-0.016296994179363367
2000-10-02,-0.009558711058132774,0.004470116438356264,-0.009156728117812651,0.004470116438356264,0.018209557066624527,0.00893812638632907,0.014184732915252907,0.01992025830212696,0.011564407406502442,0.004470116438356264,0.004470116438356264
2000-11-01,-0.07194603067584626,0.005087671232876678,-0.040722808486318596,0.005087671232876678,-0.046712730209609865,-0.051610270091035915,-0.04402975170553969,-0.04478000484771072,-0.047812026576093625,0.005087671232876678,0.005087671232876678
2000-12-01,-0.02277393383034476,0.0052865753424657935,-0.01666508296121716,0.0052865753424657935,0.01226774533009678,0.013544121842624435,0.010269376235806815,0.013615024822036359,0.011920909473414065,0.0052865753424657935,0.0052865753424657935
2001-01-02,0.07078168007104835,0.004709589041095974,0.042957350556147356,0.004709589041095974,0.04962700443731749,0.0334729256360049,0.048527239219141594,0.04037952034281189,0.041010638254097787,0.004709589041095974,0.004709589041095974
2001-02-01,-0.09664365149867726,0.0037282191780820817,-0.06744309772177592,0.0037282191780820817,-0.051573327467067775,-0.040952115916264686,-0.04841985263038395,-0.0596919541692037,-0.04468493957620201,0.0037282191780820817,0.0037282191780820817
2001-03-01,-0.08099927594740719,0.004146849315068479,-0.06958445503011479,0.004146849315068479,-0.058915639814457244,-0.05255421598670973,-0.0604793647781765,-0.06040679331211318,-0.056320844253729296,0.004146849315068479,0.004146849315068479
2001-04-02,0.11252218750702125,0.0033369863013699153,0.062284386798027835,0.0033369863013699153,0.09806079491300657,0.08924668068522368,0.09538162642093795,0.10146592532578858,0.09187178123129125,0.0033369863013699153,0.0033369863013699153
2001-05-01,-0.0025187956771720588,0.0032783561643836556,-0.00018369142662200133,0.0032783561643836556,0.008606273412095078,0.011053435605267392,0.010789266745697024,0.00940163176632769,0.011193194151234431,0.0032783561643836556,0.0032783561643836556
2001-06-01,-0.0177301789272426,0.0030150684931506966,-0.017929875832665143,0.0030150684931506966,-0.025665980114533804,-0.02765460573138323,-0.023473712995046636,-0.02260854435364268,-0.0257498287753698,0.0030150684931506966,0.0030150684931506966
2001-07-02,-0.016273583947074455,0.0029342465753423586,-0.016273583947074455,0.0029342465753423586,-0.009983664969138384,-0.008214058557766912,-0.008239199104143058,-0.010284908114646774,-0.008003768036250358,0.0029342465753423586,0.0029342465753423586
2001-08-01,-0.07116554471305903,0.003223013698630206,-0.06308171200201695,0.003223013698630206,-0.05392073514240736,-0.04766561091565813,-0.05065267742678703,-0.058558792188627584,-0.04834546036323184,0.003223013698630206,0.003223013698630206
2001-09-04,-0.07722402286035523,0.0024410958904108604,-0.07675067727711338,0.0024410958904108604,-0.09796049205616342,-0.09324225103520012,-0.09542427738003123,-0.10342382462769495,-0.09396655787537112,0.0024410958904108604,0.0024410958904108604
2001-10-01,0.040664318263828436,0.0019958904109589337,0.02278182846249055,0.0019958904109589337,0.04443901234279379,0.03854855412907621,0.04205375543028955,0.04978941154950478,0.03994352276274338,0.0019958904109589337,0.0019958904109589337
2001-11-01,0.044788591816083745,0.0017621917808219312,0.03901251617899004,0.0017621917808219312,0.04594021347435784,0.043710325341104195,0.04761694593023447,0.052528789489522554,0.045424669727900824,0.0017621917808219312,0.0017621917808219312
2001-12-03,0.02255786564338158,0.0014383561643835918,0.022352339760755235,0.0014383561643835918,0.02882357886097675,0.02863667299080186,0.03194203802876894,0.030045743642503453,0.030310956790961407,0.0014383561643835918,0.0014383561643835918
2002-01-02,-0.024929343289517125,0.0014054794520548253,-0.024932616428584464,0.0014054794520548253,-0.022892230226954968,-0.018229341788952746,-0.021566066597836664,-0.022939339419805638,-0.01989059076858868,0.0014054794520548253,0.0014054794520548253
2002-02-01,0.009676366112582047,0.0013271232876712613,0.00934836467812028,0.0013271232876712613,0.0292324639150936,0.035231530697720004,0.025119912834748792,0.026810790148870334,0.030554560736996583,0.0013271232876712613,0.0013271232876712613
2002-03-01,0.010182673883277982,0.001494794520547904,0.008785557477129391,0.001494794520547904,0.020354477159299167,0.0170803692892747,0.018804400165223445,0.01827493585701756,0.017940419858606393,0.001494794520547904,0.001494794520547904
2002-04-01,-0.04704558243063606,-0.04752205963942069,-0.04711842738244876,-0.04752205963942069,-0.03827857803161827,-0.0332047361465011,-0.04548020903770833,-0.04178774682812658,-0.03933968419023437,-0.03979722938651786,-0.03874914046704969
2002-05-01,-0.04405539410680592,0.0010723641095891079,-0.04405539410680592,0.0010723641095891079,-0.032851573524210975,-0.029393285785440648,-0.034715129910376286,-0.03136064137837635,-0.03204837607153965,0.0010723641095891079,0.0010723641095891079
2002-06-03,-0.06707275664522783,0.0013117808219178517,-0.05293648339721935,0.0013117808219178517,-0.06061064718275844,-0.05691716323001894,-0.06323176356205351,-0.060409365823083094,-0.060071728837036265,0.0013117808219178517,0.0013117808219178517
2002-07-01,-0.0850253384748183,0.0014183561643834608,-0.06578311642751877,0.0014183561643834608,-0.09694537079395071,-0.09556570637039563,-0.09473380143687626,-0.09640759086614425,-0.09513809775717619,0.0014183561643834608,0.0014183561643834608
2002-08-01,-0.005632324143795109,0.0015189041095891032,-0.0016159155062018815,0.0015189041095891032,-1.3532027807294789e-05,-0.00019056950069051837,0.0007037441031150227,-0.0024976343297706816,0.0002987977716293333,0.0015189041095891032,0.0015189041095891032
2002-09-03,-0.024645753413863103,0.0012734246575343278,-0.013470893716957977,0.0012734246575343278,-0.03607381936826748,-0.03194688535235979,-0.03281490245986285,-0.03826714661736508,-0.03237789415517256,0.0012734246575343278,0.0012734246575343278
2002-10-01,0.05308028047393076,0.0013079452054793883,0.03599005449091974,0.0013079452054793883,0.04528649366772375,0.04160097630191184,0.039677747590729284,0.05208844135604185,0.04064443489368519,0.0013079452054793883,0.0013079452054793883
2002-11-01,0.04276033009785496,0.0012060273972602786,0.023356383589645313,0.0012060273972602786,0.033452280052232775,0.029672551015867743,0.027581210603541795,0.04026521398806082,0.028639600699517098,0.0012060273972602786,0.0012060273972602786
2002-12-02,-0.027754505287149844,0.0010191780821917629,-0.02202375147312008,0.0010191780821917629,-0.007775668755028331,-0.006691712684701923,-0.006089765054460572,-0.01486726938130345,-0.006378483708461169,0.0010191780821917629,0.0010191780821917629
2003-01-02,-0.053145362791413575,0.0010520547945205294,-0.04925585473144789,0.0010520547945205294,-0.053345245796516116,-0.05299816648652089,-0.055057273947562435,-0.05572992945052402,-0.05401519009398348,0.0010520547945205294,0.0010520547945205294
2003-02-03,-0.024817123512971273,0.0008898630136986441,-0.019289398775108935,0.0008898630136986441,-0.026560079726070884,-0.025769341490809672,-0.026341586805165962,-0.027324767524360638,-0.026051488793527144,0.0008898630136986441,0.0008898630136986441
2003-03-03,0.027314916294011837,0.0009375342465753889,0.024680949168343735,0.0009375342465753889,0.030171006583046278,0.031073970897911307,0.030049528908010936,0.02984338887246607,0.03057311077465652,0.0009375342465753889,0.0009375342465753889
2003-04-01,0.06810782234550095,0.0009205479452054632,0.047382153072012656,0.0009205479452054632,0.058081370790269204,0.05478645433752516,0.054536012009382295,0.06455534556194831,0.05466241844256792,0.0009205479452054632,0.0009205479452054632
2003-05-01,0.059303312849495304,0.0587736611930707,0.05909356041824676,0.05871921380649536,0.06608847802558304,0.061942174722112275,0.061876529308982686,0.06486545650713982,0.061792803280090736,0.06122444886245537,0.06551053956577535
2003-06-02,0.015777819190269993,0.015777819190269993,0.01577736685784914,0.01577736685784914,0.011546916308410315,0.013677666322706505,0.010834409340540363,0.011018030839560211,0.012257508954924612,0.012257595078538408,0.011546876880543566
2003-07-01,-0.00020279511981524667,-0.00020279511981524667,-0.00020279511981524667,-0.00020279511981524667,-0.0023784037819555293,-0.003316841546800009,-0.00024867675955020374,0.004601402312114589,-0.001774856382084966,-0.001774856382084966,-0.0023784037819555293
2003-08-01,0.0435482932423239,0.0435482932423239,0.0435482932423239,0.0435482932423239,0.04771011281492443,0.0485920246397733,0.05013835485828366,0.04974573387478731,0.04937120289018715,0.04937120289018715,0.04771011281492443
2003-09-02,-0.003191435948971977,-0.003191435948971977,-0.003191435948971977,-0.003191435948971977,-0.006890801721571194,-0.008602489702394855,-0.007860770127389727,-0.009507763926094537,-0.008226996230908945,-0.008226996230908945,-0.006890801721571194
2003-10-01,0.03830319055678699,0.03830319055678699,0.03830319055678699,0.03830319055678699,0.03842858465658927,0.04309886458626888,0.040945682408046524,0.044705990501557435,0.04212651112640109,0.04212651112640109,0.03842858465658927
2003-11-03,0.015189732309069726,0.015189732309069726,0.015189732309069726,0.015189732309069726,0.017305395587865702,0.016704566356109174,0.01708697585655905,0.01745217432436741,0.01689744080050115,0.01689744080050115,0.017305395587865702
2003-12-01,0.03862066198188985,0.03862066198188985,0.03862066198188985,0.03862066198188985,0.04672979662452659,0.046386259700434085,0.04574913062085417,0.044686096732371006,0.04607000315622112,0.04607000315622112,0.04672979662452659
2004-01-02,0.024633756782661553,0.024633756782661553,0.024633756782661553,0.024633756782661553,0.01590813500310939,0.014638963009188988,0.016744160414911446,0.014161294434994476,0.01569359911886692,0.01569359911886692,0.01590813500310939
2004-02-02,0.019215542067218427,0.019215542067218427,0.019215542067218427,0.019215542067218427,0.03144434644029759,0.03074378916162912,0.027083415939639144,0.029735423712569098,0.028915109362031677,0.028915109362031677,0.03144434644029759
2004-03-01,-0.017055552992018774,-0.017055552992018774,-0.017055552992018774,-0.017055552992018774,-0.01899519755629331,-0.017893439541880607,-0.01910718193924632,-0.018662509610488653,-0.01850008554200877,-0.01850008554200877,-0.01899519755629331
2004-04-01,-0.014325606843915928,-0.014325606843915928,-0.014325606843915928,-0.014325606843915928,-0.007912019732480124,-0.013921464117128468,-0.009137944350906979,-0.01293239613811592,-0.011527494112447467,-0.011527494112447467,-0.007912019732480124
2004-05-03,0.004993300455922167,0.004993300455922167,0.004993300455922167,0.004993300455922167,0.004161301355309233,0.005330964482877842,0.0024874124924734176,0.006412898470515405,0.003965061271440584,0.003965061271440584,0.004161301355309233
2004-06-01,0.005698337704819867,0.005698337704819867,0.005698337704819867,0.005698337704819867,0.013584769339286318,0.01734702990722803,0.010508627661827807,0.01481155192121153,0.01392835177724483,0.01392835177724483,0.013584769339286318
2004-07-01,-0.016557302231546278,-0.016557302231546278,-0.016557302231546278,-0.016557302231546278,-0.010147778652736417,-0.008684089784169902,-0.010447562728703619,-0.008814007925121659,-0.009561650124805476,-0.009561650124805476,-0.010147778652736417
2004-08-02,0.002250962839596138,0.002250962839596138,0.002250962839596138,0.002250962839596138,0.005699036488407083,0.004822708804247178,0.007779660202375194,0.007548104700685787,0.006300412327794769,0.006300412327794769,0.005699036488407083
2004-09-01,0.025180271210986982,0.0007897657534245983,0.025180271210986982,0.0007897657534245983,0.028520499485560347,0.03276588219870158,0.02368529872427283,0.027047001241977453,0.02840351760426918,0.0007897657534245983,0.0007897657534245983
2004-10-01,-0.001232054729400689,-0.001731438702035959,-0.001232054729400689,-0.001731438702035959,0.0026407058536197514,0.001575205598835172,0.0023678315440651687,0.0015855892712102193,0.001972063809914548,0.0014942075504769115,0.002151714448273001
2004-11-01,0.053504673978691075,0.053504673978691075,0.053504673978691075,0.053504673978691075,0.05508805138556583,0.05512301043427703,0.052540501607840406,0.05233930741369508,0.05380380574151333,0.05380380574151333,0.05508805138556583
2004-12-01,0.0137410521071486,0.0137410521071486,0.0137410521071486,0.0137410521071486,0.006860677646539415,0.003931582053790406,0.009390419880400902,0.0069878326307257765,0.006471320145616355,0.006471320145616355,0.006860677646539415
2005-01-03,-0.011554298608000502,-0.011554298608000502,-0.011554298608000502,-0.011554298608000502,0.0020577867693347685,0.008411402909343613,-0.001661173620383427,0.007995825721584193,0.0035840140520642105,0.0035840140520642105,0.0020577867693347685
2005-02-01,0.019510356566021736,0.019510356566021736,0.019510356566021736,0.019510356566021736,0.029572366040577114,0.03542318168158065,0.027629486244083568,0.03241383811797416,0.03153201455841037,0.03153201455841037,0.029572366040577114
2005-03-01,-0.027540308397599245,-0.027540308397599245,-0.027540308397599245,-0.027540308397599245,-0.020661501287950634,-0.01641393463257479,-0.02143574745975929,-0.01728709634421366,-0.018914698489498116,-0.018914698489498116,-0.020661501287950634
2005-04-01,-0.008771679339177663,-0.008771679339177663,-0.008771679339177663,-0.008771679339177663,-0.013243940327564263,-0.016844272122498505,-0.007134610432753208,-0.009564295306167203,-0.012157924817862376,-0.012157924817862376,-0.013243940327564263
2005-05-02,0.035222907213122934,0.035222907213122934,0.035222907213122934,0.035222907213122934,0.031025495290603278,0.029329796403343433,0.033659310048558266,0.028553198810120195,0.031499345232671505,0.031499345232671505,0.031025495290603278
2005-06-01,-0.00404590714623887,-0.00404590714623887,-0.00404590714623887,-0.00404590714623887,0.0016205918289249333,0.007931671904530369,0.0024353809096571144,0.005920665867780173,0.005184710273262061,0.005184710273262061,0.0016205918289249333
2005-07-01,0.034468436194092344,0.034468436194092344,0.034468436194092344,0.034468436194092344,0.03545559063109027,0.03494411940491271,0.03274769834209912,0.03397940205896899,0.033849004899209945,0.033849004899209945,0.03545559063109027
2005-08-01,-0.00938144128323437,-0.00938144128323437,-0.00938144128323437,-0.00938144128323437,-0.004029299250195906,0.0030483858099523697,-0.002728953923356592,0.0012013763273737155,0.000160680141101599,0.000160680141101599,-0.004029299250195906
2005-09-01,0.005158541778992332,0.005158541778992332,0.005158541778992332,0.005158541778992332,0.009029295417500194,0.011319310136084004,0.00890041199880831,0.011115329118965844,0.010203687694123165,0.010203687694123165,0.009029295417500194
2005-10-03,-0.017210341987458633,-0.017210341987458633,-0.017210341987458633,-0.017210341987458633,-0.025744191253387783,-0.03266120604819156,-0.024799552634493294,-0.03122716031542705,-0.028844730797331852,-0.028844730797331852,-0.025744191253387783
2005-11-01,0.051456606076894396,0.051456606076894396,0.051456606076894396,0.051456606076894396,0.0518912090466328,0.04962565932816543,0.047443020952935955,0.04726900017492519,0.04847826504831154,0.04847826504831154,0.0518912090466328
2005-12-01,0.005380464871599155,0.005380464871599155,0.005380464871599155,0.005380464871599155,0.011300152068305147,0.013547492498305225,0.012698996543613505,0.013685102634352742,0.013165129233527972,0.013165129233527972,0.011300152068305147
2006-01-03,0.013338385285807552,0.013338385285807552,0.013338385285807552,0.013338385285807552,0.015117676405857816,0.017853219425233435,0.014654349487912777,0.01605847944135408,0.016550774125672962,0.016550774125672962,0.015117676405857816
2006-02-01,0.007633037462220882,0.007633037462220882,0.007633037462220882,0.007633037462220882,0.005021602422507376,0.0015729312558212527,0.0070954602003860945,0.002601045721337014,0.003997257067879678,0.003997257067879678,0.005021602422507376
2006-03-01,0.006770469978478522,0.006770469978478522,0.006770469978478522,0.006770469978478522,0.00749313593442813,0.00754852741025358,0.009376942619935935,0.005202789260670748,0.008577498388800286,0.008577498388800286,0.00749313593442813
2006-04-03,0.005164754505691205,0.005164754505691205,0.005164754505691205,0.005164754505691205,0.0103891569642931,0.012609074576291679,0.008852664464510385,0.010032532524373527,0.010729643562481517,0.010729643562481517,0.0103891569642931
2006-05-01,-0.012807171893747804,-0.012807171893747804,-0.012807171893747804,-0.012807171893747804,-0.009899389460797159,-0.013925110144279218,-0.011647189983605255,-0.0077998036529376424,-0.012857709900058634,-0.012857709900058634,-0.009899389460797159
2006-06-01,-0.0028364224845774944,-0.0028364224845774944,-0.0028364224845774944,-0.0028364224845774944,0.0031469113259576798,0.004943201624278304,0.0015186512717326739,0.005618482995214391,0.003273542028266352,0.003273542028266352,0.0031469113259576798
2006-07-03,-0.004538030845334551,-0.004538030845334551,-0.004538030845334551,-0.004538030845334551,-0.008287806990288082,-0.010894865004615562,-0.0018371271382117138,-0.000530467834061521,-0.006350902679851056,-0.006350902679851056,-0.008287806990288082
2006-08-01,0.03301374465724316,0.03301374465724316,0.03301374465724316,0.03301374465724316,0.031185760095785442,0.026807006993815108,0.031461291388302115,0.028174184740985764,0.02914104472850565,0.02914104472850565,0.031185760095785442
2006-09-01,0.01708479784303152,0.01708479784303152,0.01708479784303152,0.01708479784303152,0.007614093242849673,0.003365468024206786,0.005649148141079419,0.002466292980887186,0.004509225297381958,0.004509225297381958,0.007614093242849673
2006-10-02,0.028403932815368238,0.028403932815368238,0.028403932815368238,0.028403932815368238,0.03330684732586908,0.032508773479616115,0.03181862713173689,0.032396280414085155,0.032171430971500214,0.032171430971500214,0.03330684732586908
2006-11-01,0.02455069578303637,0.02455069578303637,0.02455069578303637,0.02455069578303637,0.02660744027234241,0.026356367234157796,0.023662536078299157,0.027332510727942738,0.025012600590293754,0.025012600590293754,0.02660744027234241
2006-12-01,0.013818586786241704,0.013818586786241704,0.013818586786241704,0.013818586786241704,0.011126849959616658,0.010860963434413895,0.012381980206338516,0.008685081090170632,0.01162707417923925,0.01162707417923925,0.011126849959616658
2007-01-03,0.02291852615804424,0.02291852615804424,0.02291852615804424,0.02291852615804424,0.024877011403025895,0.024566548974625624,0.02406874557268801,0.024369748953548376,0.02431819627162146,0.02431819627162146,0.024877011403025895
2007-02-01,-0.028351861895936192,-0.028351861895936192,-0.028351861895936192,-0.028351861895936192,-0.015981049163895866,-0.014103734537332935,-0.013836380855874797,-0.014474061695491258,-0.013968359961554322,-0.013968359961554322,-0.015981049163895866
2007-03-01,0.01575572025716121,0.01575572025716121,0.01575572025716121,0.01575572025716121,0.023753092819515986,0.02339057518409482,0.022485986309122685,0.027161851677645288,0.022954099069536493,0.022954099069536493,0.023753092819515986
2007-04-02,0.04579318229185825,0.04579318229185825,0.04579318229185825,0.04579318229185825,0.039133400986209654,0.03696993490163347,0.037802031296494176,0.03975642068154883,0.03738979175699142,0.03738979175699142,0.039133400986209654
2007-05-01,0.03638944300536173,0.03638944300536173,0.03638944300536173,0.03638944300536173,0.03815259733224585,0.035459795371249436,0.04295666275030818,0.03623086277133458,0.03898729399298695,0.03898729399298695,0.03815259733224585
2007-06-01,-0.010616111264679207,-0.010616111264679207,-0.010616111264679207,-0.010616111264679207,-0.01084691266281168,-0.012128792964907209,-0.013057525564061034,-0.011275159960669412,-0.012657826247021053,-0.012657826247021053,-0.01084691266281168
2007-07-02,-0.035312002383734886,-0.035312002383734886,-0.035312002383734886,-0.035312002383734886,-0.03324949431225599,-0.033001687354275666,-0.029097156191678297,-0.032653364698225884,-0.031050501319988877,-0.031050501319988877,-0.03324949431225599
2007-08-01,0.018097190663063145,0.018097190663063145,0.017748718371902727,0.017748718371902727,0.01577078018833933,0.014495688363461934,0.015244114229552297,0.017048753729225652,0.0148797014905786,0.014621312146384513,0.015486966109769407
2007-09-04,0.0399246765165151,0.0399246765165151,0.029373235731074754,0.029373235731074754,0.043169131248703696,0.046182179837696014,0.041661737964485246,0.04329095080575507,0.04393500018166496,0.032314189274124105,0.031708318866977336
2007-10-01,-0.02119241371769065,-0.02119241371769065,-0.0213265493676984,-0.0213265493676984,-0.01729024088903308,-0.014530277430662153,-0.013779149437649019,-0.02060939712815668,-0.014151321757333912,-0.01426836023973832,-0.017415685211876197
2007-11-01,-0.022181103219909515,-0.022181103219909515,-0.022181103219909515,-0.022181103219909515,-0.010530802924441307,-0.01074926514848984,-0.0038285306461407487,-0.016942205338022043,-0.00728644669237366,-0.00728644669237366,-0.010530802924441307
2007-12-03,-0.013412379200286262,-0.013412379200286262,-0.0077908238513136885,-0.0077908238513136885,-0.01249521971484513,-0.004833364359058234,-0.01403484885346229,-0.015456383406523111,-0.009426370212928581,-0.005247242176379396,-0.007198002136626247
2008-01-02,-0.03691469990978746,0.00220275753424648,-0.03474968170792647,0.0023870686268403496,-0.02927435403890788,-0.03688015608358719,-0.02958064204150679,-0.024874905909238576,-0.0332237323972685,0.0023865973435854837,0.0023869585710405428
2008-02-01,-0.04355904443266556,0.001630684931506865,-0.03238625759336744,0.001630684931506865,-0.030425350577845567,-0.020635936116358944,-0.028911624842956618,-0.03590371811756499,-0.024773580128657713,0.001630684931506865,0.001630684931506865
2008-03-03,0.028361746369772955,0.0014380821917807651,0.025407412588798195,0.0014380821917807651,0.020277750448561394,0.01711404780801895,0.018253563321056765,0.02345082894993844,0.01768783039069266,0.0014380821917807651,0.0014380821917807651
2008-04-01,0.033013731148561654,0.0011178082191780625,0.02038434723824234,0.0011178082191780625,0.03097432600859351,0.031121754480499142,0.028021860532129184,0.031806313956357135,0.029572324650335657,0.0011178082191780625,0.0011178082191780625
2008-05-01,-0.015731509910730135,0.0012361643835616665,-0.0159204499314749,0.0012361643835616665,-0.0009180249897087212,0.009217291960145202,-0.0012357185227329648,-0.00539990738323981,0.003992743450614622,0.0012361643835616665,0.0012361643835616665
2008-06-02,-0.07111437756630434,0.001469863013698669,-0.07111437756630434,0.001469863013698669,-0.06577324161277409,-0.05676919724545293,-0.07555992117343324,-0.07607658075763624,-0.06616090687324394,0.001469863013698669,0.001469863013698669
2008-07-01,-0.017292874858871987,0.001588219178082273,-0.015396871530561573,0.001588219178082273,-0.020230809810611428,-0.03151125167393387,-0.013364126458547454,-0.014669959791368203,-0.022437853847837808,0.001588219178082273,0.001588219178082273
2008-08-01,0.014505547217694259,0.001446575342465728,0.011301228768162419,0.001446575342465728,0.01722343507792634,0.012034874619424762,0.02132030405049168,0.019514579145652133,0.016678902623967762,0.001446575342465728,0.001446575342465728
2008-09-02,-0.08796209113462028,0.0013427397260274976,-0.07644114394914692,0.0013427397260274976,-0.09504963427367408,-0.09703883001766189,-0.09483197825551737,-0.09885587505697924,-0.09592968168326477,0.0013427397260274976,0.0013427397260274976
2008-10-01,-0.163277191059242,0.0008136986301370275,-0.05797809138939014,0.0008136986301370275,-0.17109655575177207,-0.16592063272888224,-0.17649624075650916,-0.1774513530809636,-0.17099207013936824,0.0008136986301370275,0.0008136986301370275
2008-11-03,-0.1544639843287121,0.0003375342465752329,-0.03107043667138143,0.0003375342465752329,-0.14260848993686348,-0.12972650520365814,-0.1372633424211379,-0.15426126609674728,-0.1334742866886066,0.0003375342465752329,0.0003375342465752329
2008-12-01,0.14132981415260115,8.767123287567458e-06,0.03921060711005997,8.767123287567458e-06,0.14159394435994477,0.13461775524094932,0.1383856525435334,0.14861419115043573,0.13650506221623226,8.767123287567458e-06,8.767123287567458e-06
2009-01-02,-0.11166070556211716,9.342465753414686e-05,-0.06404855952668687,9.342465753414686e-05,-0.11124924198658337,-0.10052581304613473,-0.10534960217912237,-0.1220629148153275,-0.10293649245171232,9.342465753414686e-05,9.342465753414686e-05
2009-02-02,-0.14507187773471364,0.00018410958904113706,-0.07354924724219758,0.00018410958904113706,-0.1497136951389032,-0.14448409768673254,-0.15501202577907003,-0.1501509880696803,-0.149745499337549,0.00018410958904113706,0.00018410958904113706
2009-03-02,0.15637714067516173,0.00021369863013709356,0.08891592428342276,0.00021369863013709356,0.16534221366746915,0.15074050546604467,0.15714745459464008,0.1783145064625018,0.1539635753569688,0.00021369863013709356,0.00021369863013709356
2009-04-01,0.08425845397613774,0.00017260273972596885,0.037187807678364715,0.00017260273972596885,0.09737991878157737,0.08553900549612403,0.107740394474098,0.10869492594165986,0.09666256475282609,0.00017260273972596885,0.00017260273972596885
2009-05-01,0.07827943615257049,0.0001189041095890353,0.05280267874711542,0.0001189041095890353,0.08015617405237863,0.07433145023676024,0.08189838547541117,0.08020661529031514,0.0781158601577494,0.0001189041095890353,0.0001189041095890353
2009-06-01,-0.02024292431973118,0.00011506849315079393,-0.015086815561284661,0.00011506849315079393,-0.025780044194894325,-0.020505728567011938,-0.02830066913884044,-0.028536513397081964,-0.024401239351140358,0.00011506849315079393,0.00011506849315079393
2009-07-01,0.08783709311148313,0.08729317456492747,0.08769649423555204,0.08729317456492747,0.09161516368917089,0.08867592793472867,0.09485544965301651,0.09822152763935232,0.09176697360952057,0.09124528930740694,0.0910902936867275
2009-08-03,-0.0023898293414889027,-0.0023898293414889027,-0.002354427889060151,-0.002354427889060151,-0.005012914126138357,-0.005809493961666745,-0.0019099636819744914,-0.004369553340717314,-0.0038579422755572468,-0.0037905974805794163,-0.004925095232687027
2009-09-01,0.032539802094524006,0.032539802094524006,0.032530794152403786,0.032530794152403786,0.03179627997546608,0.03095042488183708,0.032967757588488356,0.03359384330569215,0.03196511235173971,0.03196061689372742,0.03179283931994892
2009-10-01,0.01311065053237992,0.01311065053237992,0.01311065053237992,0.01311065053237992,0.01044801753799196,0.010351737284501672,0.010385948251854238,0.00870676936676329,0.010369451201010849,0.010369451201010849,0.01044801753799196
2009-11-02,0.06690953073222383,0.06690953073222383,0.06686920068814484,0.06686920068814484,0.07120803650793905,0.07391462098181667,0.07215473287054563,0.07268282773887935,0.07304018940963597,0.07299652359358033,0.07116555454826812
2009-12-01,0.023720785042119275,0.023720785042119275,0.023720497960493248,0.023720497960493248,0.02504130343017752,0.02703499682833499,0.026520028149544794,0.026282705508821724,0.026779429043177982,0.026779490226002567,0.02504127805685874
2010-01-04,-0.03767766571824804,-0.03767766571824804,-0.03767766571824804,-0.03767766571824804,-0.03668849261060736,-0.04087754922917708,-0.034246840477310636,-0.038842913243318566,-0.03755338882655479,-0.03755338882655479,-0.03668849261060736
2010-02-01,0.025949296135702404,0.025949296135702404,0.025949296135702404,0.025949296135702404,0.025259068513951988,0.027726949698491765,0.023134010739897404,0.02817009717763308,0.02543656198464661,0.02543656198464661,0.025259068513951988
2010-03-01,0.0571549526149675,0.0571549526149675,0.0571549526149675,0.0571549526149675,0.05561299763991823,0.06045724441679412,0.051571579138177004,0.0603400446557516,0.05601593921849779,0.05601593921849779,0.05561299763991823
2010-04-01,0.021647368447044846,0.021647368447044846,0.021647368447044846,0.021647368447044846,0.019632120967161715,0.023021274695566696,0.02209243663885596,0.02291865860139297,0.02256235509699689,0.02256235509699689,0.019632120967161715
2010-05-03,-0.1065230873449543,-0.1065230873449543,-0.1065230873449543,-0.1065230873449543,-0.10753694310574691,-0.10911849973892684,-0.10810034313651584,-0.10949494731453224,-0.10860821116625752,-0.10860821116625752,-0.10753694310574691
2010-06-01,-0.03981266304139419,-0.03981266304139419,-0.025245851805080766,-0.025245851805080766,-0.0343694717139682,-0.038970913702912835,-0.03607104495014468,-0.038951609042786606,-0.03751708135586662,-0.02377887238055021,-0.021804025823048523
2010-07-01,0.09731396574707052,-0.0003422706849315338,0.07532673574540927,-0.00015287761762639018,0.10315952196561007,0.10473402386751651,0.09811695572992907,0.10675478095677082,0.10143943573354686,-0.00015316222090433484,-0.00015354400554568048
2010-08-02,-0.03813420530519618,-0.038615138202543475,-0.0382350489666714,-0.038615138202543475,-0.031151101396762138,-0.032586983703575156,-0.026947884066985672,-0.03439454930091246,-0.029765888854123235,-0.030224333158854866,-0.03162472268044636
2010-09-01,0.062360329328937425,-0.00038498904109574017,0.062360329328937425,-0.00038498904109574017,0.05846863706414451,0.060358640199204894,0.055808262442149204,0.060228838016591624,0.058088061217206555,-0.00038498904109574017,-0.00038498904109574017
2010-10-01,0.03420245377138986,0.03368535254450422,0.03420245377138986,0.03368535254450422,0.03077415511774717,0.031086364645960485,0.028338242674214476,0.03245779755177236,0.029714201211011648,0.02923523170281217,0.03026818108112561
2010-11-01,0.020923170664240542,0.020923170664240542,0.020923170664240542,0.020923170664240542,0.024267540041430946,0.024510856168251216,0.0238352663257837,0.02537631794730788,0.024176367996062265,0.024176367996062265,0.024267540041430946
2010-12-01,0.05543505215582689,0.05543505215582689,0.05543505215582689,0.05543505215582689,0.053165556771421096,0.050330300352031676,0.052824032201005844,0.055754583166636174,0.051584175790474474,0.051584175790474474,0.053165556771421096
2011-01-03,0.029043630593454495,0.029043630593454495,0.029043630593454495,0.029043630593454495,0.025391196146294925,0.025446004137425815,0.027280024378183443,0.02526674815984431,0.02637006188544766,0.02637006188544766,0.025391196146294925
2011-02-01,0.001453220529040511,0.001453220529040511,0.001453220529040511,0.001453220529040511,0.0007363202890611209,0.00100382407623556,-0.0009807967925627992,-0.0013808145611022837,1.768110814248658e-05,1.768110814248658e-05,0.0007363202890611209
2011-03-01,0.02137309577567792,0.02137309577567792,0.02137309577567792,0.02137309577567792,0.027308445452406627,0.028808820566058824,0.027331484015246543,0.026860294443800115,0.028073542525558715,0.028073542525558715,0.027308445452406627
2011-04-01,0.023057152576380968,0.023057152576380968,0.023057152576380968,0.023057152576380968,0.02427825745568346,0.021558964591408047,0.023882384279047875,0.022021586540888816,0.02267952757456193,0.02267952757456193,0.02427825745568346
2011-05-02,-0.03193357036861588,-0.03193357036861588,-0.03193357036861588,-0.03193357036861588,-0.028281033756427543,-0.03045271188231269,-0.029914696988255662,-0.03231664508353149,-0.030236733532520765,-0.030236733532520765,-0.028281033756427543
2011-06-01,0.020580424274412756,0.020580424274412756,0.020580424274412756,0.020580424274412756,0.02258997996426304,0.023092737542552255,0.0204222765694142,0.024934742413153632,0.021757104618230994,0.021757104618230994,0.02258997996426304
2011-07-01,-0.03838113066545712,-0.03838113066545712,-0.03838113066545712,-0.03838113066545712,-0.038948065865401005,-0.03750971061551178,-0.03973696708089891,-0.04133470448971355,-0.03861910857068662,-0.03861910857068662,-0.038948065865401005
2011-08-01,-0.06087936891993306,-0.06087936891993306,-0.06087936891993306,-0.06087936891993306,-0.054948335837989304,-0.056774809763249334,-0.049216913785280036,-0.06041783333475492,-0.052994695580101836,-0.052994695580101836,-0.054948335837989304
2011-09-01,-0.08633403750209145,-0.00048247452054783757,-0.03601389013534306,-0.00048247452054783757,-0.0930515222167525,-0.09827634607980884,-0.08889439900148444,-0.09670548002781298,-0.09373309883163339,-0.00048247452054783757,-0.00048247452054783757
2011-10-03,0.10979709011242922,1.5890410958840917e-05,0.07468971378750333,1.5890410958840917e-05,0.11433061301625269,0.11509373519772614,0.10788849845189996,0.11951142156456118,0.11150633877185334,1.5890410958840917e-05,1.5890410958840917e-05
2011-11-01,0.024344424976209034,8.219178082136125e-06,0.01678341048683918,8.219178082136125e-06,0.026497429946775952,0.028407547363465957,0.026841089868884893,0.024476798174290826,0.027645175891268803,8.219178082136125e-06,8.219178082136125e-06
2011-12-01,0.026715177209610808,9.041095890394146e-06,0.01739818082311584,9.041095890394146e-06,0.02439705358915556,0.023157246045723223,0.02356821186552205,0.02428301603793348,0.023365187840881152,9.041095890394146e-06,9.041095890394146e-06
2012-01-03,0.03898077101405817,1.5890410958840917e-05,0.03880305346203761,1.5890410958840917e-05,0.03778020239252999,0.03169047479725462,0.04025351751589734,0.04465650455093062,0.0359743849510783,1.5890410958840917e-05,1.5890410958840917e-05
2012-02-01,0.03970699510578446,0.03918714160823167,0.03970699510578446,0.03918714160823167,0.03141376219639125,0.030086355549405086,0.03279193557844051,0.03239741502588478,0.03144309433489778,0.030947713030248014,0.030914056436347703
2012-03-01,0.03435398745858209,0.03435398745858209,0.03435398745858209,0.03435398745858209,0.027006518401244906,0.027886430555275066,0.027503022531923715,0.029198463115708506,0.02769804759397787,0.02769804759397787,0.027006518401244906
2012-04-02,-0.0077547626201383,-0.0077547626201383,-0.0077547626201383,-0.0077547626201383,-0.0048666011778077944,-0.003244469930398508,-0.006170293363043866,-0.006274409569557049,-0.0047003289742432175,-0.0047003289742432175,-0.0048666011778077944
2012-05-01,-0.0893849612943508,-0.0893849612943508,-0.0893849612943508,-0.0893849612943508,-0.0828200378180507,-0.07691821947695165,-0.07516007903907573,-0.08741995815945447,-0.07602454059488406,-0.07602454059488406,-0.0828200378180507
2012-06-01,0.07067190749747554,0.07067190749747554,0.07067190749747554,0.07067190749747554,0.0675761532786936,0.06631756607804928,0.06710482041614552,0.06765242672033,0.06671116212087247,0.06671116212087247,0.0675761532786936
2012-07-02,0.007911221514202094,0.007911221514202094,0.007563164718568327,0.007563164718568327,0.007994834660285166,0.007000481497227096,0.008243158564366526,0.005426186970199032,0.007633859853277691,0.0073133439926105215,0.007648253210545963
2012-08-01,0.025002335163336165,0.025002335163336165,0.024981108804485785,0.024981108804485785,0.017467675237698987,0.01694201455977362,0.016591439367898975,0.02062517357002558,0.01676778257472611,0.016757982163039253,0.017452633851378074
2012-09-04,0.029004600241413492,0.029004600241413492,0.029004600241413492,0.029004600241413492,0.030203910685899782,0.027752236279808606,0.030193133212632617,0.030826834046181917,0.028978995119205875,0.028978995119205875,0.030203910685899782
2012-10-01,-0.010529978124866446,-0.010529978124866446,-0.010529978124866446,-0.010529978124866446,-0.005080567451914875,-0.005716565911725979,-0.00552707560065957,-0.0045715128248629,-0.0056488693003952095,-0.0056488693003952095,-0.005080567451914875
2012-11-01,-0.009661727490635874,-0.009661727490635874,-0.009661727490635874,-0.009661727490635874,-0.011229341473780408,-0.008845558455587654,-0.01073404923300847,-0.010899231018381417,-0.009740344708471627,-0.009740344708471627,-0.011229341473780408
2012-12-03,0.03991439734607094,0.03991439734607094,0.03991439734607094,0.03991439734607094,0.04160553017954105,0.04163385810966358,0.038270259873345314,0.045251328171332705,0.03998495103058275,0.03998495103058275,0.04160553017954105
2013-01-02,0.03546528963471518,0.03546528963471518,0.03546528963471518,0.03546528963471518,0.03934519547369453,0.039004554614447295,0.039701829259225274,0.03719919473858413,0.039370597707122146,0.039370597707122146,0.03934519547369453
2013-02-01,0.0057518599537838,0.0057518599537838,0.0057518599537838,0.0057518599537838,0.006365390499498247,0.007487917994431825,0.006651578691840854,0.004762859672688746,0.007072593611847644,0.007072593611847644,0.006365390499498247
2013-03-01,0.030465543717049348,0.030465543717049348,0.030465543717049348,0.030465543717049348,0.031153480442065895,0.033093479061430786,0.029244901498765685,0.02884177325284165,0.03118453663772458,0.03118453663772458,0.031153480442065895
2013-04-01,0.014290101352298024,0.014290101352298024,0.014290101352298024,0.014290101352298024,0.01453269010910585,0.015451684798667209,0.01328402022166486,0.013951272430410278,0.014372476058686523,0.014372476058686523,0.01453269010910585
2013-05-01,0.03834995639909522,0.03834995639909522,0.03834995639909522,0.03834995639909522,0.029326798802802756,0.029145906200037652,0.02718545649725468,0.03497459794781399,0.028169625055368686,0.028169625055368686,0.029326798802802756
2013-06-03,-0.012997911293750608,-0.012997911293750608,-0.012997911293750608,-0.012997911293750608,-0.01429093994880748,-0.012885147187370438,-0.0135342172463635,-0.014810215764540335,-0.013201449722594294,-0.013201449722594294,-0.01429093994880748
2013-07-01,0.05763543595090659,0.05763543595090659,0.05763543595090659,0.05763543595090659,0.06028662095874071,0.06125602176353051,0.05952914676064802,0.05999874296765384,0.060393848285842155,0.060393848285842155,0.06028662095874071
2013-08-01,-0.036739772584124086,-0.036739772584124086,-0.036739772584124086,-0.036739772584124086,-0.03661035262153378,-0.03719586407784936,-0.03557857836480449,-0.03517592990021612,-0.03638619554582312,-0.03638619554582312,-0.03661035262153378
2013-09-03,0.03513183838518863,0.03513183838518863,0.03513183838518863,0.03513183838518863,0.035778654041602076,0.036703373589387356,0.03692862865038582,0.03756830896753094,0.03681610786286438,0.03681610786286438,0.035778654041602076
2013-10-01,0.04056998958812552,0.04056998958812552,0.04056998958812552,0.04056998958812552,0.040647011891960405,0.04019201567344344,0.041143680124829274,0.04018370603925159,0.040671639873442134,0.040671639873442134,0.040647011891960405
2013-11-01,0.024515938176946417,0.024515938176946417,0.024515938176946417,0.024515938176946417,0.01721194062255993,0.02069532641357097,0.015322181682648317,0.019462124843206308,0.01803404606562453,0.01803404606562453,0.01721194062255993
2013-12-02,0.01873994288785319,0.01873994288785319,0.01873994288785319,0.01873994288785319,0.017357551179366437,0.017934752762471584,0.014707700915214561,0.02006114748179222,0.01632274341221862,0.01632274341221862,0.017357551179366437
2014-01-02,-0.047835327615977974,-0.047835327615977974,-0.047835327615977974,-0.047835327615977974,-0.04225830640787154,-0.04523496436494112,-0.037320580864263486,-0.046032908028085795,-0.04127618408711464,-0.04127618408711464,-0.04225830640787154
2014-02-03,0.06206581211136841,0.06206581211136841,0.06206581211136841,0.06206581211136841,0.0631805566814243,0.06512488497618696,0.06255847389865443,0.0643763084363167,0.06384499889455553,0.06384499889455553,0.0631805566814243
2014-03-03,0.022168774848469797,0.022168774848469797,0.022168774848469797,0.022168774848469797,0.022406983187303275,0.02037466265987331,0.022745513493036773,0.022048170207281226,0.02156146779618595,0.02156146779618595,0.022406983187303275
2014-04-01,0.00042518008743241964,0.00042518008743241964,0.00042518008743241964,0.00042518008743241964,0.007518509813449592,0.00268251300675848,0.006433988758173914,0.0034588227243304015,0.004560239414356015,0.004560239414356015,0.007518509813449592
2014-05-01,0.024266287168232425,0.024266287168232425,0.024266287168232425,0.024266287168232425,0.02134683337637866,0.023744709176935164,0.01947524674088008,0.023177974314740446,0.021634494156745898,0.021634494156745898,0.02134683337637866
2014-06-02,0.026303947063513577,0.026303947063513577,0.026303947063513577,0.026303947063513577,0.025838066830785378,0.0257977956975306,0.024890082513898015,0.024751667211495132,0.0253795828702148,0.0253795828702148,0.025838066830785378
2014-07-01,-0.02299084456652023,-0.02299084456652023,-0.02299084456652023,-0.02299084456652023,-0.02890593070441816,-0.02796107419725069,-0.02827649861338588,-0.027920410076014313,-0.028116894960948713,-0.028116894960948713,-0.02890593070441816
2014-08-01,0.0421295908909749,0.0421295908909749,0.0421295908909749,0.0421295908909749,0.040426809913705286,0.03926264269175195,0.04068344487177877,0.04152549280535567,0.03997629271428549,0.03997629271428549,0.040426809913705286
2014-09-02,-0.02667641743821414,-0.02667641743821414,-0.02667641743821414,-0.02667641743821414,-0.027336225068162134,-0.02830860079832076,-0.02390060508564862,-0.02799539171035692,-0.02608552628346761,-0.02608552628346761,-0.027336225068162134
2014-10-01,0.03817893234926317,0.03817893234926317,0.03817893234926317,0.03817893234926317,0.03645076807856795,0.03612780734043919,0.037488848778860495,0.03571161239949405,0.036835766670288095,0.036835766670288095,0.03645076807856795
2014-11-03,0.01977467582320891,0.01977467582320891,0.01977467582320891,0.01977467582320891,0.014659254294539625,0.016833878567457994,0.01646546861455156,0.01680087545796094,0.016656157332458177,0.016656157332458177,0.014659254294539625
2014-12-01,0.00390671486357097,0.00390671486357097,0.00390671486357097,0.00390671486357097,0.007510431583088062,0.007856800849873613,0.006469152131460598,0.00781242278250649,0.007200341954074041,0.007200341954074041,0.007510431583088062
2015-01-02,-0.01708626916255651,-0.01708626916255651,-0.01708626916255651,-0.01708626916255651,-0.011216774076545866,-0.008982501891278805,-0.00751773914686471,-0.01438455959195617,-0.008232201124854566,-0.008232201124854566,-0.011216774076545866
2015-02-02,0.049871060673844836,0.049871060673844836,0.049871060673844836,0.049871060673844836,0.037697088647008714,0.0362695824731718,0.03161629772956087,0.04488270490610069,0.0340570563457816,0.0340570563457816,0.037697088647008714
2015-03-02,-0.025339748907847737,-0.025339748907847737,-0.025339748907847737,-0.025339748907847737,-0.022120952909410074,-0.021245862072243882,-0.01991796286748937,-0.025026945810836865,-0.02059344492835291,-0.02059344492835291,-0.022120952909410074
2015-04-01,0.024404697991750268,0.024404697991750268,0.024404697991750268,0.024404697991750268,0.023929158838911002,0.02129747477979671,0.0219020544453723,0.024611932004964476,0.021417519657019213,0.021417519657019213,0.023929158838911002
2015-05-01,0.004033310795298561,0.004033310795298561,0.004033310795298561,0.004033310795298561,-0.0015369030235311554,0.0028332230642897915,0.0006104976676462037,-0.0008947830952544811,0.0018458492522455128,0.0018458492522455128,-0.0015369030235311554
2015-06-01,-0.014466174384460628,-0.014466174384460628,-0.014466174384460628,-0.014466174384460628,-0.019706786237426943,-0.01675301274881702,-0.017642281569042906,-0.018550447281902804,-0.017140387430750526,-0.017140387430750526,-0.019706786237426943
2015-07-01,0.011035877477462153,0.011035877477462153,0.011035877477462153,0.011035877477462153,0.00393700496226268,0.009926402485498809,0.007051794223513985,0.0028660940058262696,0.008780214301036038,0.008780214301036038,0.00393700496226268
2015-08-03,-0.08589519234385157,-0.08589519234385157,-0.08589519234385157,-0.08589519234385157,-0.08048018413753721,-0.08279035566934467,-0.08025817145632463,-0.08125560854076297,-0.08159510745697762,-0.08159510745697762,-0.08048018413753721
2015-09-01,0.007085901826047181,-0.00043427945205476437,0.004866466137790182,-0.00043427945205476437,0.003570713500425038,0.0065608277854765085,0.003227464759788079,0.0036664538491486542,0.005003667523451494,-0.00043427945205476437,-0.00043427945205476437
2015-10-01,0.09503980860254924,-8.76712328767848e-06,0.07969113092592117,-8.76712328767848e-06,0.09126220559776477,0.08715303373302419,0.08955564043192465,0.09379856022039146,0.0882796589074768,-8.76712328767848e-06,-8.76712328767848e-06
2015-11-02,0.0013780937488938605,0.0008774047020194686,0.0013035644517467304,0.0008774047020194686,-0.0004583990527325943,-5.98972068821535e-05,-0.0012191246173567372,0.0015524071293826491,-0.0006282762137349573,-0.001112318775521981,-0.0009463659397854762
2015-12-01,-0.04017274328996645,-0.04017274328996645,-0.04017274328996645,-0.04017274328996645,-0.041078729195479724,-0.03769313851065703,-0.04259356068311737,-0.0435774195778853,-0.04013413527337528,-0.04013413527337528,-0.041078729195479724
2016-01-04,-0.03666313565441426,-0.03666313565441426,-0.03666313565441426,-0.03666313565441426,-0.031859181561933236,-0.03176347307541805,-0.030471893266157513,-0.027250635737980144,-0.031111810429806375,-0.031111810429806375,-0.031859181561933236
2016-02-01,0.02303138093465007,-0.0002458805479450543,0.018896225735351324,-0.0002458805479450543,0.029264362626604035,0.027771565076818883,0.02739777419377387,0.02583039552140942,0.02758580546293321,-0.0002458805479450543,-0.0002458805479450543
2016-03-01,0.049857605305444475,0.0002802739726026626,0.046721194934363997,0.0002802739726026626,0.05347679263422189,0.0537748033167218,0.0511142146104937,0.05347002732223061,0.05244696086465561,0.0002802739726026626,0.0002802739726026626
2016-04-01,0.005074252135354174,0.004571715009286548,0.005044441369322694,0.004571715009286548,0.016568958520029042,0.008509043339645306,0.016954000176330863,0.017917392478776106,0.012740910231739289,0.012310052498177848,0.016066992457582918
2016-05-02,0.011059326094232436,0.011059326094232436,0.011059326094232436,0.011059326094232436,0.005529650486956195,0.00644448477643067,0.004172252373332519,0.005782122627321362,0.005308770220214809,0.005308770220214809,0.005529650486956195
2016-06-01,0.003527047825343521,0.003527047825343521,0.003527047825343521,0.003527047825343521,0.011936233608217606,0.015232580752152503,0.008621335859724466,0.017055011396542197,0.011927339415054972,0.011927339415054972,0.011936233608217606
2016-07-01,0.0334411581813876,0.0334411581813876,0.03290115358015622,0.03290115358015622,0.023388931751390007,0.023532516612188692,0.023244135670817956,0.018472918402079097,0.023395320639725936,0.023024195042126827,0.0230168741693193
2016-08-01,0.0020745740757541764,0.0020745740757541764,0.002066808075685378,0.002066808075685378,-0.0004984836938404236,-0.004003150022627411,0.0008385459658630801,-0.003259314430005378,-0.0016468414237605922,-0.001647260382879323,-0.0004970934095641644
2016-09-01,-0.002392361097917073,-0.002392361097917073,-0.002392361097917073,-0.002392361097917073,-0.0028833470033230446,-0.0034519187910345694,-0.004130797280254783,-0.0019472432045918309,-0.003778130899912857,-0.003778130899912857,-0.0028833470033230446
2016-10-03,-0.02210587652058893,-0.02210587652058893,-0.02210587652058893,-0.02210587652058893,-0.019262095138490642,-0.01901983357489878,-0.01956713675026278,-0.02027443336138013,-0.01928349442398658,-0.01928349442398658,-0.019262095138490642
2016-11-01,0.04056711743781882,0.04056711743781882,0.04056711743781882,0.04056711743781882,0.038303798201677175,0.028596941316747726,0.03214676329855126,0.02983001438749988,0.030387320346152658,0.030387320346152658,0.038303798201677175
2016-12-01,0.03186941446473135,0.03186941446473135,0.03186941446473135,0.03186941446473135,0.031240482107111944,0.033515104918307115,0.030743054589260188,0.03326387782600149,0.03219474052515925,0.03219474052515925,0.031240482107111944
2017-01-03,0.010566457280675845,0.010566457280675845,0.010566457280675845,0.010566457280675845,0.0072270718826330516,0.005387617162587954,0.009042207471053887,0.0037597030408493826,0.00721400000831296,0.00721400000831296,0.0072270718826330516
2017-02-01,0.05342233843873734,0.05342233843873734,0.05342233843873734,0.05342233843873734,0.04928159447438696,0.04758295454942418,0.04999445957146498,0.04926352698195746,0.04879221155182267,0.04879221155182267,0.04928159447438696
2017-03-01,-0.014289089146128253,-0.014289089146128253,-0.014289089146128253,-0.014289089146128253,-0.014819418778189819,-0.018150635423897055,-0.014196919621921045,-0.014297618582047145,-0.016170519657959903,-0.016170519657959903,-0.014819418778189819
2017-04-03,0.014235218583861453,0.014235218583861453,0.014235218583861453,0.014235218583861453,0.009741106038385627,0.009399708210495294,0.011402553710610608,0.007543557688216129,0.01037654174361724,0.01037654174361724,0.009741106038385627
2017-05-01,0.019607872195601672,0.019607872195601672,0.019607872195601672,0.019607872195601672,0.017359545830949452,0.017733124449815785,0.020232167592574513,0.0177269910812774,0.01900485839174082,0.01900485839174082,0.017359545830949452
2017-06-01,0.00012812391988559213,0.00012812391988559213,0.00012812391988559213,0.00012812391988559213,0.0039438940931673105,0.0043982285584029945,0.0015919809026965215,0.0025914434916585183,0.00299887632823026,0.00299887632823026,0.0039438940931673105
2017-07-03,0.02109770039396497,0.02109770039396497,0.02109770039396497,0.02109770039396497,0.014945494063635323,0.01651873199313103,0.01498718394492915,0.01437065404457094,0.015754619449058094,0.015754619449058094,0.014945494063635323
2017-08-01,0.002102443150809874,0.002102443150809874,0.002102443150809874,0.002102443150809874,0.0005241989239477274,0.0008199628929195235,0.0020529577661041465,0.00016067812315023744,0.0014530826211411885,0.0014530826211411885,0.0005241989239477274
2017-09-01,0.023128560499545037,0.023128560499545037,0.023128560499545037,0.023128560499545037,0.022006613610849657,0.02321138437785386,0.02287619082396586,0.02033431442538558,0.02305074423445075,0.02305074423445075,0.022006613610849657
2017-10-02,0.020489874063835956,0.020489874063835956,0.020489874063835956,0.020489874063835956,0.015608535078972308,0.018205717098735752,0.017532934389743682,0.012748723648577265,0.017876223561010818,0.017876223561010818,0.015608535078972308
2017-11-01,0.027068970149289218,0.027068970149289218,0.027068970149289218,0.027068970149289218,0.02747426883976023,0.02631845014941736,0.026473988737093057,0.028257567283076268,0.026398293741163537,0.026398293741163537,0.02747426883976023
2017-12-01,0.02149225222144402,0.02149225222144402,0.02149225222144402,0.02149225222144402,0.016956930321456287,0.014283693623897253,0.018690700927988413,0.013643578711725501,0.016423632163153234,0.016423632163153234,0.016956930321456287
2018-01-02,0.04766136551375233,0.04766136551375233,0.04766136551375233,0.04766136551375233,0.028739743521095873,0.03137023242643422,0.031486567166763235,0.024683448637285776,0.031445275159806885,0.031445275159806885,0.028739743521095873
2018-02-01,-0.049293073728941095,-0.049293073728941095,-0.049293073728941095,-0.049293073728941095,-0.05484716006081547,-0.05068757237203492,-0.054645267042600976,-0.05775637361178987,-0.05264915049874319,-0.05264915049874319,-0.05484716006081547
2018-03-01,-0.0343623568378868,-0.0343623568378868,-0.02330829835509607,-0.02330829835509607,-0.022065389491495724,-0.027974280857155365,-0.02387219857237144,-0.01826252144593754,-0.02591429171475168,-0.0174470428368948,-0.01485662362803264
2018-04-02,0.029168461024789094,0.029168461024789094,0.026585039670345756,0.026585039670345756,0.027858442355316093,0.027236080734196033,0.02509624347455075,0.029091979401553614,0.026170066193107466,0.02392565047204953,0.02540458640590426
2018-05-01,0.03253089741346149,0.03253089741346149,0.03248629573319395,0.03248629573319395,0.022726454583150257,0.026298388667158612,0.018353697515818723,0.019316390138716777,0.022331145536148345,0.02229986410893736,0.022694706397719644
2018-06-01,-0.0018979666283398533,-0.0018979666283398533,-0.0018979666283398533,-0.0018979666283398533,0.005564873372148282,0.0007723835838777671,0.0098322822597543,0.009458299884354648,0.005305190752189937,0.005305190752189937,0.005564873372148282
2018-07-02,0.03310509806219386,0.03310509806219386,0.03310509806219386,0.03310509806219386,0.030014591754645936,0.029114013200293165,0.030930654944515856,0.029738254192553715,0.030028808492603254,0.030028808492603254,0.030014591754645936
2018-08-01,0.0318663690342178,0.0318663690342178,0.0318663690342178,0.0318663690342178,0.019508135974588336,0.021386031753247492,0.021207174082328084,0.017646493938365593,0.021297915125841227,0.021297915125841227,0.019508135974588336
2018-09-04,0.01118155542629684,0.01118155542629684,0.01118155542629684,0.01118155542629684,0.007066678929331216,0.00921548207920786,0.007854643759771296,0.008851633068920117,0.00854822229553931,0.00854822229553931,0.007066678929331216
2018-10-01,-0.0624545598826165,-0.0624545598826165,-0.0624545598826165,-0.0624545598826165,-0.05132608528545102,-0.05701178742988533,-0.04408093311927164,-0.046466310760913454,-0.05054256823261083,-0.05054256823261083,-0.05132608528545102
2018-11-01,0.02116894933179525,0.0015066673972603528,0.01702789779775893,0.0015066673972603528,0.02834480838460851,0.02658244364038187,0.030624320552690376,0.029712980977027348,0.028608330984927433,0.0015066673972603528,0.0015066673972603528
2018-12-03,-0.09902989541896134,-0.09948038047125185,-0.09642483418948689,-0.09678295482303911,-0.09842980963209524,-0.09896798313956245,-0.09681999669719765,-0.09829363334378227,-0.09788949362586952,-0.09564850173771278,-0.0961916981365265
2019-01-02,0.07946291893801205,0.001471616438356138,0.051527557854369244,0.0014864016095608168,0.08022523970358608,0.07876449780034323,0.07647587248425403,0.07922132157945416,0.07762554849010406,0.001486383062476948,0.0014863919373422352
2019-02-01,0.038362033923030836,0.0018104109589041073,0.03818482177980198,0.0018104109589041073,0.035234471620271934,0.035295869372834465,0.03445695662487158,0.03343406028671625,0.03487930682449525,0.0018104109589041073,0.0018104109589041073
2019-03-01,0.023781927169540085,0.02327003620595547,0.023781927169540085,0.02327003620595547,0.02343470587746954,0.02461555177049779,0.022258814560016216,0.02252487886733645,0.023438959019775885,0.0229523958600113,0.02293048443069834
2019-04-01,0.020921498429615992,0.020921498429615992,0.020921498429615992,0.020921498429615992,0.010532949820777793,0.00947801007105209,0.01262720358164171,0.006181529595347346,0.011062192471702703,0.011062192471702703,0.010532949820777793
2019-05-01,-0.0590793210999776,-0.0590793210999776,-0.0590793210999776,-0.0590793210999776,-0.041339715526952814,-0.0365320202055085,-0.035975698154685265,-0.03656776327370048,-0.03624004521588009,-0.03624004521588009,-0.041339715526952814
2019-06-03,0.08204812464192979,0.0012635013698631958,0.08204812464192979,0.0012635013698631958,0.06829367547023413,0.06503580619908833,0.07186068323981298,0.06387608560043656,0.0684269117453773,0.0012635013698631958,0.0012635013698631958
2019-07-01,-0.002773186933634375,-0.0032718003401674967,-0.002773186933634375,-0.0032718003401674967,-0.00300721273790594,0.00028122848481970664,-0.003118292216821472,-0.0029530094928971184,-0.0013089423291036129,-0.0016812792976255153,-0.0034151105052191433
2019-08-01,-0.013906333193242637,-0.013906333193242637,-0.013906333193242637,-0.013906333193242637,-0.006146098542018752,0.0021172805187825716,-0.001086371577601275,-0.003158407296020238,0.0007966862864252633,0.0007966862864252633,-0.006146098542018752
2019-09-03,0.013256574764841655,0.013256574764841655,0.010471261150467592,0.010471261150467592,0.011937895147351885,0.011064398749705884,0.011410980611872068,0.012705879161247324,0.011218135303036503,0.00891463741120746,0.009464663172896515
2019-10-01,0.04399162894535413,0.04399162894535413,0.04387416222119267,0.04387416222119267,0.032805543864946385,0.029102711170378992,0.03590572158238725,0.03613841633364845,0.032513887873585334,0.03247926721446648,0.03269462052877192
2019-11-01,0.017965192047919576,0.017965192047919576,0.017965192047919576,0.017965192047919576,0.007857262514199048,0.005190504977152788,0.008448304314162991,0.008591404369376665,0.006861039102896038,0.006861039102896038,0.007857262514199048
2019-12-02,0.04757838494925859,0.04757838494925859,0.04757838494925859,0.04757838494925859,0.04045912165823995,0.03959182740850253,0.03837340927067601,0.04144838718023203,0.03892592343397627,0.03892592343397627,0.04045912165823995
2020-01-02,-0.0023086146473159097,-0.0023086146473159097,-0.0023086146473159097,-0.0023086146473159097,-0.006899223591336323,0.0010347675804531775,-0.0017672971244165891,-0.006722102483764925,-0.00026690699244347194,-0.00026690699244347194,-0.006899223591336323
2020-02-03,-0.04637170846755301,-0.04637170846755301,-0.04637170846755301,-0.04637170846755301,-0.05113458542941862,-0.04785469100666695,-0.05037364785611931,-0.0516218619316835,-0.04897511400518195,-0.04897511400518195,-0.05113458542941862
2020-03-02,-0.19894713330245128,0.0005268835616438761,-0.14609893741145175,0.0005268835616438761,-0.21941720520402963,-0.20767824070795127,-0.21711215840806397,-0.22183568607300397,-0.2118001876251907,0.0005268835616438761,0.0005268835616438761
2020-04-01,0.1488523280837224,9.041095890416351e-05,0.030597837596572974,9.041095890416351e-05,0.1513213773739308,0.14297562021528298,0.14637920547968153,0.15204911947060729,0.14356627938166144,9.041095890416351e-05,9.041095890416351e-05
2020-05-01,0.0804834538676038,7.643835616444328e-05,0.037849552307037904,7.643835616444328e-05,0.08324660630087499,0.08084798600664289,0.07781103552005231,0.08691970879851496,0.0791975753332359,7.643835616444328e-05,7.643835616444328e-05
2020-06-01,0.020738329386571053,0.020227960221877783,0.017495687982205466,0.017246035207105992,0.0036392114589640645,0.009580963487752392,0.0022538325302932094,0.009121899825018431,0.005955876952484562,0.004679103098071291,0.0026971909265236516
2020-07-01,0.05883675136153044,0.05883675136153044,0.03727624410540531,0.03727624410540531,0.04541052442272431,0.05067935818193425,0.04787679185585003,0.048545101068546925,0.04941206141812193,0.03134632569545959,0.028766879344956475
2020-08-03,0.07241692845049208,0.07241692845049208,0.07222802809412299,0.07222802809412299,0.05039333360840503,0.057225987868557704,0.05837041581308311,0.06034832541504365,0.05781997858316412,0.05764547198712444,0.050217508742983696
2020-09-01,-0.04030306345001167,-0.04030306345001167,-0.04030306345001167,-0.04030306345001167,-0.03440985891638115,-0.029779001755252055,-0.036080990553374326,-0.03340995930023449,-0.03292699930110354,-0.03292699930110354,-0.03440985891638115
2020-10-01,-0.020294300739507,-0.020294300739507,-0.015713281703387705,-0.015713281703387705,-0.0015427580255993334,-0.007404532948636411,-0.004522033401164305,-0.003570198783156231,-0.005961505694970004,-0.0046671802660683825,-0.0012693065770307266
2020-11-02,0.10847966574312995,0.10847966574312995,0.09875355686646281,0.09875355686646281,0.10642281253395436,0.10043038069849985,0.10954993993201434,0.11006295221896645,0.10471481696982687,0.09533865821632448,0.09689618129421507
2020-12-01,0.01186282493361035,0.01186282493361035,0.011821852103025998,0.011821852103025998,0.005869144580462393,0.004533867821764348,0.005621911074609187,0.006266420522241134,0.004925762491974073,0.004906149521896497,0.005846312111389862
2021-01-04,0.02017416322692278,0.02017416322692278,0.02017416322692278,0.02017416322692278,0.018953637392104206,0.01809460739410529,0.016047735696223864,0.01908238767356374,0.017019678625451062,0.017019678625451062,0.018953637392104206
2021-02-01,0.03548360796501204,0.03548360796501204,0.03548360796501204,0.03548360796501204,0.04982792288285576,0.040367322670159966,0.038606036422126566,0.051204519380046776,0.03948655672310797,0.03948655672310797,0.04982792288285576
2021-03-01,0.03168025718151379,0.03168025718151379,0.03168025718151379,0.03168025718151379,0.0457490128747573,0.0420491326704906,0.04310517192244778,0.04444993540517661,0.04259055751273988,0.04259055751273988,0.0457490128747573
2021-04-01,0.04390835765340628,0.04390835765340628,0.04390835765340628,0.04390835765340628,0.04346471367672278,0.04246336997279787,0.04246830801335033,0.04500507071754645,0.04247103938040908,0.04247103938040908,0.04346471367672278
2021-05-03,0.0035148890811416145,0.0035148890811416145,0.0035148890811416145,0.0035148890811416145,0.015123528961920929,0.018048022795881247,0.014236477467390873,0.015913994260857045,0.016145754761565767,0.016145754761565767,0.015123528961920929
2021-06-01,0.02899455277143037,0.02899455277143037,0.02899455277143037,0.02899455277143037,0.011287779288647437,0.008486551688901223,0.014440831977313495,0.009647060677355546,0.011466659987429129,0.011466659987429129,0.011287779288647437
2021-07-01,0.016634695051630732,0.016634695051630732,0.016634695051630732,0.016634695051630732,0.00672205826429928,0.0015353226916192675,0.010955949960067768,0.007352963059586326,0.006247457771826115,0.006247457771826115,0.00672205826429928
2021-08-02,0.03247323207683528,0.03247323207683528,0.03247323207683528,0.03247323207683528,0.026726670950264042,0.024743060704526254,0.02707232220917688,0.02822147723472801,0.0259117116059584,0.0259117116059584,0.026726670950264042
2021-09-01,-0.03578761071692438,-0.03578761071692438,-0.03578761071692438,-0.03578761071692438,-0.027605765697374496,-0.019054842365609836,-0.032393443055345195,-0.03016564310618275,-0.025720214656726248,-0.025720214656726248,-0.027605765697374496
2021-10-01,0.05941444400312501,0.05941444400312501,0.05941444400312501,0.05941444400312501,0.05868058447912161,0.05882315036845065,0.056472327439611725,0.06111162105658341,0.05764860573300923,0.05764860573300923,0.05868058447912161
2021-11-01,-0.020737406612411524,-0.020737406612411524,-0.020737406612411524,-0.020737406612411524,-0.03458478059397785,-0.03863760487960277,-0.03276008225203275,-0.033140398084052114,-0.03594168435809075,-0.03594168435809075,-0.03458478059397785
2021-12-01,0.06412486896970004,0.06412486896970004,0.06412486896970004,0.06412486896970004,0.07416892634217964,0.07276677996292702,0.07386373365287069,0.07084989731365332,0.07332285164141195,0.07332285164141195,0.07416892634217964
2022-01-03,-0.05183059302948578,-0.05183059302948578,-0.05183059302948578,-0.05183059302948578,-0.027393725113522227,-0.018065754942643064,-0.028899583073524693,-0.03571477209887974,-0.02330434285566363,-0.02330434285566363,-0.027393725113522227
2022-02-01,-0.050711812362525754,-0.050711812362525754,-0.050711812362525754,-0.050711812362525754,-0.03866124929247927,-0.03553174548411364,-0.03519750302812519,-0.04488599652350911,-0.035360683113578095,-0.035360683113578095,-0.03866124929247927
2022-03-01,0.05662346571540944,-0.00018591054794514505,0.04417043255332542,-0.00018591054794514505,0.06745161486308082,0.07105692122298479,0.06916508023205625,0.06463744259523252,0.07018619080784494,-0.00018591054794514505,-0.00018591054794514505
2022-04-01,-0.08487153558293681,-0.08532909981514525,-0.06925013037857253,-0.06961782978136255,-0.06861323892988891,-0.06414298276389752,-0.06447271382264519,-0.06332270687393704,-0.06377067910580436,-0.05237327142427872,-0.05633465529528192
2022-05-02,-0.011797961541099244,0.00018185068493159484,-0.00880320799763068,0.0002804121267960813,0.0023723885757491736,0.011849711304002586,0.012044340594986602,0.009720394472082061,0.011968384813796362,0.0002786185423764298,0.0002790247612038943
2022-06-01,-0.0651947960272693,0.0009287671232875994,-0.0387632398613148,0.0009287671232875994,-0.06784720548812306,-0.07033529864917021,-0.059498337385690214,-0.06322679875721571,-0.0654562829094294,0.0009287671232875994,0.0009287671232875994
2022-07-01,0.07745771817398506,0.00140986301369872,0.04949545126900334,0.00140986301369872,0.0631126502138788,0.06053372174118743,0.05805070552121783,0.05558410361511501,0.05919025816601042,0.00140986301369872,0.00140986301369872
2022-08-01,-0.03493437395722776,0.001987397260273971,-0.034702508889843275,0.001987397260273971,-0.02458378322975019,-0.02072367389266705,-0.02526348911269971,-0.02092605266784242,-0.022629087494033584,0.001987397260273971,0.001987397260273971
2022-09-01,-0.07139921578563191,0.0025161643835616143,-0.06637806925848622,0.0025161643835616143,-0.07215686770481866,-0.06881712680417584,-0.06896845622295855,-0.0701147838230014,-0.06836279426304182,0.0025161643835616143,0.0025161643835616143
2022-10-03,0.04885313968349125,0.0025583561643836017,0.03875606732872616,0.0025583561643836017,0.054007370398910126,0.06306318144854872,0.05613635811053097,0.05652707905303389,0.06065196526988337,0.0025583561643836017,0.0025583561643836017
2022-11-01,0.05945085100072789,0.0033369863013699153,0.041505532607428064,0.0033369863013699153,0.06148866732582836,0.05777651699997621,0.06065374561478887,0.05835647138610023,0.05887839680790696,0.0033369863013699153,0.0033369863013699153
2022-12-01,-0.060904469103954084,-0.061374016869402026,-0.04064581045521676,-0.040972659842505754,-0.0507794812798289,-0.048375437047163516,-0.052962349377017715,-0.04620473156949645,-0.05071897439551021,-0.03391767654825706,-0.03401126316156278
2023-01-03,0.0787247195646319,0.0029147301369862877,0.07854815512279245,0.0030789682045466726,0.07094821161825404,0.06278879781424718,0.061520005478745254,0.05962124047287931,0.06176151304837596,0.003077768827645766,0.0030777846231084816
2023-02-01,-0.03909451206357195,-0.03957496480754008,-0.03909451206357195,-0.03957496480754008,-0.04313060597309126,-0.04238511253487032,-0.043395886340675816,-0.04561861740903039,-0.042856763932416,-0.043299427640452914,-0.04358452851273953
2023-03-01,0.045038568754251385,0.045038568754251385,0.045038568754251385,0.045038568754251385,0.028785060728004686,0.025456807522677982,0.03079895727544013,0.032833884199142904,0.028091857193544012,0.028091857193544012,0.028785060728004686
2023-04-03,0.011096082411154562,0.011096082411154562,0.011096082411154562,0.011096082411154562,0.00869920256468304,0.006879592292982295,0.01113329485808734,0.010452575926827912,0.008970096675622985,0.008970096675622985,0.00869920256468304
2023-05-01,0.015186206502951993,0.015186206502951993,0.015186206502951993,0.015186206502951993,-0.01779979287327571,-0.01779282180775532,-0.015415051911490285,-0.025903252008991795,-0.016589883918766923,-0.016589883918766923,-0.01779979287327571
2023-06-01,0.05599184291660175,0.05599184291660175,0.05599184291660175,0.05599184291660175,0.06214334394516463,0.06062724648565765,0.058313241978413366,0.05649556127203659,0.059464723594887525,0.059464723594887525,0.06214334394516463
2023-07-03,0.02859454920900273,0.02859454920900273,0.02859454920900273,0.02859454920900273,0.025561306411234108,0.027988832789922258,0.025251361629506475,0.025379879285276408,0.026655423695832514,0.026655423695832514,0.025561306411234108
2023-08-01,-0.011588646460090168,-0.011588646460090168,-0.011588646460090168,-0.011588646460090168,-0.01692306171331126,-0.0147536875552291,-0.017535009362444454,-0.016694904198793048,-0.016137915643918865,-0.016137915643918865,-0.01692306171331126
2023-09-01,-0.0495860305774668,-0.0495860305774668,-0.0495860305774668,-0.0495860305774668,-0.05384382728132431,-0.05050000506848684,-0.054429866718837316,-0.0524533034411504,-0.052459150225577234,-0.052459150225577234,-0.05384382728132431
2023-10-02,-0.010882096452751178,-0.010882096452751178,-0.010882096452751178,-0.010882096452751178,-0.008651441372324542,-0.01107515420811378,-0.010011037552651758,-0.006850352770009116,-0.010539694647797027,-0.010539694647797027,-0.008651441372324542
2023-11-01,0.08621605636122709,0.003878631506849528,0.08621605636122709,0.003878631506849528,0.08104417810503173,0.08232512877376541,0.0851930468509634,0.07330280022738789,0.08376334500543026,0.003878631506849528,0.003878631506849528
2023-12-01,0.03368825294166866,0.03317140881519798,0.03368825294166866,0.03317140881519798,0.0366795519694354,0.03488827349557755,0.03765924840954327,0.03620285020624614,0.03627941432880877,0.03585583264918135,0.03617733809270818
2024-01-02,0.0350154230640487,0.0350154230640487,0.0350154230640487,0.0350154230640487,0.0092102035795254,0.014790417804949163,0.009135597870088885,0.00758299698023146,0.011968976040962032,0.011968976040962032,0.0092102035795254
2024-02-01,0.04834408538973367,0.04834408538973367,0.04834408538973367,0.04834408538973367,0.0351511708534733,0.03858571920191278,0.03253212575525133,0.03069519510230334,0.035571715963156114,0.035571715963156114,0.0351511708534733
2024-03-01,0.02131700186405938,0.02131700186405938,0.02131700186405938,0.02131700186405938,0.029950875614321637,0.02606064585529211,0.02842535666750634,0.032905658381854996,0.027263524225433322,0.027263524225433322,0.029950875614321637
2024-04-01,-0.041768813653269676,-0.041768813653269676,-0.041768813653269676,-0.041768813653269676,-0.03450402016954057,-0.03916888688290021,-0.03488048701810409,-0.030878178179509552,-0.037020644565237126,-0.037020644565237126,-0.03450402016954057
2024-05-01,0.054861462535711336,0.054861462535711336,0.054861462535711336,0.054861462535711336,0.03334229212080264,0.03444836229026449,0.03010549246947436,0.03331108393299753,0.032279742475254114,0.032279742475254114,0.03334229212080264
2024-06-03,0.036565755152913715,0.036565755152913715,0.036565755152913715,0.036565755152913715,0.006641361052583505,0.008562416590047084,0.007391501297327796,0.0036491312969502143,0.00797966197617006,0.00797966197617006,0.006641361052583505
2024-07-01,-0.0042725039521723795,-0.0042725039521723795,-0.0042725039521723795,-0.0042725039521723795,0.031080758368922767,0.02629943322762185,0.03179508626670846,0.03455157868816805,0.0290592194872501,0.0290592194872501,0.031080758368922767
2024-08-01,0.016703107075975776,0.016703107075975776,0.016703107075975776,0.016703107075975776,0.021024788096955183,0.018969381737251156,0.02429097019289883,0.02201156582927788,0.02165368052719452,0.02165368052719452,0.021024788096955183
2024-09-03,0.033118449286045015,0.033118449286045015,0.03288303000114379,0.03288303000114379,0.03568893988515254,0.0366062452072331,0.037182025951447484,0.03236679890487326,0.036902693368390915,0.036641401535249196,0.03543684666194724
2024-10-01,0.004255817293944197,0.004255817293944197,0.0042519640168507955,0.0042519640168507955,-0.011978120902627953,-0.00944616996267944,-0.008655728816395647,-0.008214185156852571,-0.009010035695448337,-0.009010342211077216,-0.0119776712492079
2024-11-01,0.05707151041271419,0.05707151041271419,0.05707151041271419,0.05707151041271419,0.05490148274444673,0.05627316279971373,0.060914831368983124,0.05881020662757197,0.05850266934593851,0.05850266934593851,0.05490148274444673
2024-12-02,-0.028199950552355024,-0.028199950552355024,-0.028199950552355024,-0.028199950552355024,-0.05489342793697094,-0.05211421687289852,-0.06008324856055702,-0.05420346149310318,-0.05611984467925146,-0.05611984467925146,-0.05489342793697094
2025-01-02,0.022458356428289195,0.022458356428289195,0.022458356428289195,0.022458356428289195,0.03630254402238364,0.03658876747701845,0.03789595411903579,0.03702332873205827,0.03725734596029184,0.03725734596029184,0.03630254402238364
2025-02-03,-0.023420524270015175,-0.023420524270015175,-0.023420524270015175,-0.023420524270015175,-0.0029008205962901545,-0.007013386069932959,-0.004252770660489125,-0.00870770478092231,-0.005617810052795047,-0.005617810052795047,-0.0029008205962901545
2025-03-03,-0.03616572640667737,-0.03616572640667737,-0.03616572640667737,-0.03616572640667737,-0.018362834218251245,-0.021746145915998993,-0.01822044461831751,-0.02281214132895404,-0.019975621145325584,-0.019975621145325584,-0.018362834218251245
2025-04-01,-0.00445660391340974,0.002958543835616556,-0.003684968769093744,0.002958543835616556,-0.02202682195778838,-0.016331629127856018,-0.02273629951762479,-0.017111224080356258,-0.01953238017631309,0.002958543835616556,0.002958543835616556
2025-05-01,0.06131052644618906,0.003682191780821853,0.02423144053052395,0.003682191780821853,0.04210492644091213,0.04302067609706528,0.03653014643493169,0.04852704024494581,0.03974456715143271,0.003682191780821853,0.003682191780821853
2025-06-02,0.04515860702146424,0.04463602771795361,0.04483163392684664,0.04463602771795361,0.033118873480206146,0.03115363430539464,0.030957092045366563,0.03599218966103024,0.031047139411145563,0.03055688521234634,0.032615833774368275
2025-07-01,0.006589417528463537,0.006589417528463537,0.006589417528463537,0.006589417528463537,-0.0067923079639505834,-0.00468653710489908,-0.009814541769402885,-0.007162560339504465,-0.00726430112946963,-0.00726430112946963,-0.0067923079639505834
2025-08-01,0.029836586755292993,0.029836586755292993,0.029836586755292993,0.029836586755292993,0.029684849332208385,0.028007626425857968,0.03288857853595051,0.031204244492405442,0.030469653317426015,0.030469653317426015,0.029684849332208385
2025-09-02,0.04690718596402954,0.04690718596402954,0.04690718596402954,0.04690718596402954,0.026715057107797424,0.03147846223308726,0.021505889895649055,0.02787503205577435,0.026467851364815997,0.026467851364815997,0.026715057107797424
2025-10-01,0.0222754243428005,0.0222754243428005,0.0222754243428005,0.0222754243428005,-0.007171587025032289,-0.005350498726085506,-0.00955774290388589,-0.006114344486155887,-0.007465571477097366,-0.007465571477097366,-0.007171587025032289
2025-11-03,-0.004492727925387685,-0.004492727925387685,-0.004492727925387685,-0.004492727925387685,0.012442638868483291,0.00517682499822536,0.01830366113830495,0.007245160981142584,0.01177896468928652,0.01177896468928652,0.012442638868483291
2025-12-01,0.007230618448275106,0.007230618448275106,0.007230618448275106,0.007230618448275106,0.012684950199526535,0.012965647297171312,0.009341615915366086,0.0164729686946552,0.011156887793348114,0.011156887793348114,0.012684950199526535
2026-01-02,0.017916391672841758,0.017916391672841758,0.017916391672841758,0.017916391672841758,0.033457603021076476,0.02809764102577006,0.03475563023983663,0.03218971915967472,0.03145590267624199,0.03145590267624199,0.033457603021076476
2026-02-02,-0.012985065847463506,-0.012985065847463506,-0.012985065847463506,-0.012985065847463506,0.033907332003111135,0.029158808076949816,0.042611628142298574,0.024470811592790742,0.03572579859259872,0.03572579859259872,0.033907332003111135
2026-03-02,-0.04276141182121784,-0.04276141182121784,-0.04276141182121784,-0.04276141182121784,-0.04286179646448196,-0.04119943947718441,-0.038090112662581554,-0.044813359013634035,-0.039602725218923274,-0.039602725218923274,-0.04286179646448196
2026-04-01,0.09982603309584137,0.0024656397260274243,0.09982603309584137,0.0024656397260274243,0.05042977389610015,0.05533293355919855,0.04521618453163745,0.05906918824699248,0.050247506843559275,0.0024656397260274243,0.0024656397260274243
2026-05-01,0.052577467193774874,0.05205117846017804,0.052577467193774874,0.05205117846017804,0.003980794073205063,0.006518229140046072,0.0013706455074915525,0.011608186696703937,0.003969634335464045,0.003514244970254987,0.0034972721600612378
2026-06-01,-0.014315246288842065,-0.014315246288842065,-0.014315246288842065,-0.014315246288842065,0.013890074159941479,0.005457414893248691,0.019641726328427644,0.013813972134716801,0.012297383483737212,0.012297383483737212,0.013890074159941479
2026-07-01,0.015970278298816254,0.015970278298816254,0.015970278298816254,0.015970278298816254,0.016642347379206113,0.016191558652107085,0.01538601778512838,0.012669080315391712,0.01553970873795052,0.01553970873795052,0.016642347379206113
2026-08-03,0.00542457043236011,0.00542457043236011,0.00542457043236011,0.00542457043236011,0.005081011556721471,0.01008242909099999,0.011807349768047759,0.0006469460475191369,0.0111384924975646,0.0111384924975646,0.005081011556721471
2026-09-01,0.005391447835549457,0.005391447835549457,0.005391447835549457,0.005391447835549457,-0.032470127019398665,-0.02646707379988744,-0.03398727312879257,-0.03028152305368259,-0.030229421602133932,-0.030229421602133932,-0.032470127019398665
