exec,signal,trend,vol,g,dg,gap,phase,stance,tbill,n_sectors
1993-02-01,1993-01-29,,,1.6242545354685787,1.876607358218267,0.857278241091743,Overheat,EASING,2.9,0
1993-03-01,1993-02-26,,,1.7821747681333273,0.825122388290653,0.7951093464422927,Overheat,EASING,2.95,0
1993-04-01,1993-03-31,,,0.8458861119246757,-0.48677445166800615,0.814223535142446,Slowdown,EASING,2.89,0
1993-05-03,1993-04-30,,,1.224105975287288,-0.40014856018129064,0.7313755602218937,Slowdown,EASING,2.91,0
1993-06-01,1993-05-28,,,0.7838964602962998,-0.9982783078370275,0.6995763837869058,Slowdown,EASING,3.06,0
1993-07-01,1993-06-30,,,0.1874882961000479,-0.6583978158246278,0.6611408005235093,Slowdown,EASING,3.03,0
1993-08-02,1993-07-30,,,-0.17428766024662506,-1.398393635533913,0.864344281424569,Contraction,EASING,3.03,0
1993-09-01,1993-08-31,,,-0.016524642940055873,-0.8004211032363556,0.8823282496152514,Contraction,EASING,3.01,0
1993-10-01,1993-09-30,,,0.4071257011884155,0.2196374050883676,0.7073072514945729,Overheat,EASING,2.92,0
1993-11-01,1993-10-29,1.0,,0.5008212748436855,0.6751089350903106,0.8054158607350166,Overheat,EASING,3.03,0
1993-12-01,1993-11-30,1.0,,1.0809210989616156,1.0974457419016714,0.7931407384520268,Overheat,EASING,3.14,0
1994-01-03,1993-12-31,1.0,,2.366894552625823,1.9597688514374076,0.5669831791809816,Overheat,EASING,3.01,0
1994-02-01,1994-01-31,1.0,1.0,1.5794422887341135,1.078621013890428,0.6074538167411454,Overheat,EASING,2.96,0
1994-03-01,1994-02-28,1.0,0.757069237382956,1.2333960006877898,0.15247490172617417,0.4631372428803422,Overheat,TIGHTENING,3.36,0
1994-04-04,1994-03-31,0.0,0.8340370976369159,1.1613471641403694,-1.2055473884854537,0.24660716469005095,Slowdown,TIGHTENING,3.48,0
1994-05-02,1994-04-29,0.0,0.7286616490676799,0.9960023722170838,-0.5834399165170298,0.27283127659898554,Slowdown,TIGHTENING,3.87,0
1994-06-01,1994-05-31,0.0,1.0,1.3171146932309301,0.08371869254314035,0.3972602739726012,Expansion,TIGHTENING,4.16,0
1994-07-01,1994-06-30,0.0,0.7886395528001756,1.49210530616673,0.33075814202636056,0.2537220561229976,Expansion,TIGHTENING,4.15,0
1994-08-01,1994-07-29,1.0,1.0,1.0617983615809705,0.06579598936388675,0.13570499440358663,Expansion,TIGHTENING,4.27,0
1994-09-01,1994-08-31,1.0,1.0,1.1057172872084122,-0.2113974060225179,0.26513743445606597,Slowdown,TIGHTENING,4.56,0
1994-10-03,1994-09-30,1.0,0.9216118760947699,1.101270025953639,-0.390835280213091,0.26799770787466937,Slowdown,TIGHTENING,4.67,0
1994-11-01,1994-10-31,1.0,0.7759401874008729,1.5560115301474327,0.49421316856646214,0.19151690297720858,Expansion,TIGHTENING,5.03,0
1994-12-01,1994-11-30,0.0,0.7939428098780474,1.467693970217592,0.36197668300917973,0.1927319727073291,Expansion,TIGHTENING,5.56,0
1995-01-03,1994-12-30,1.0,0.9885980428842182,1.381154697986868,0.2798846720332291,0.26566837216977124,Expansion,TIGHTENING,5.53,0
1995-02-01,1995-01-31,1.0,1.0,0.5217288965726806,-1.034282633574752,0.18949699935646613,Slowdown,TIGHTENING,5.83,0
1995-03-01,1995-02-28,1.0,1.0,0.5454740339018866,-0.9222199363157053,0.17804305225208772,Slowdown,TIGHTENING,5.76,0
1995-04-03,1995-03-31,1.0,1.0,0.1193613380618532,-1.2617933599250148,0.3512002630713402,Slowdown,TIGHTENING,5.7,0
1995-05-01,1995-04-28,1.0,1.0,-0.6645503934796618,-1.1862792900523424,0.2968962071382881,Contraction,TIGHTENING,5.69,0
1995-06-01,1995-05-31,1.0,0.7891211502782097,-0.5022167877526156,-1.0476908216545022,0.19992567818654283,Contraction,TIGHTENING,5.63,0
1995-07-03,1995-06-30,1.0,0.995375049563854,-1.2102109658167137,-1.329572303878567,0.28419615293280476,Contraction,TIGHTENING,5.44,0
1995-08-01,1995-07-31,1.0,0.9567987485373025,-1.179188545570079,-0.5146381520904172,0.23025205106182067,Contraction,EASING,5.42,0
1995-09-01,1995-08-31,1.0,1.0,0.06932084731006065,0.5715376350626762,0.09232224126720823,Expansion,EASING,5.29,0
1995-10-02,1995-09-29,1.0,1.0,1.5072244774135142,2.7174354432302277,0.03928160665309832,Expansion,EASING,5.24,0
1995-11-01,1995-10-31,1.0,1.0,1.2452517799804288,2.424440325550508,0.16955842931627618,Expansion,EASING,5.32,0
1995-12-01,1995-11-30,1.0,1.0,0.3161653782372639,0.24684453092720327,0.14862420400900866,Expansion,EASING,5.32,0
1996-01-02,1995-12-29,1.0,0.8436966455870364,1.1250831607632321,-0.38214131665028206,0.15678506976539897,Slowdown,EASING,4.96,0
1996-02-01,1996-01-31,1.0,0.7870957552130458,-0.8402154355521709,-2.0854672155325997,0.03567558068011856,Contraction,EASING,4.91,0
1996-03-01,1996-02-29,1.0,0.7123793301483603,0.27486485135691424,-0.041300526880349686,0.1447917429177732,Slowdown,EASING,4.89,0
1996-04-01,1996-03-29,1.0,0.5788648964822654,-0.20018844665052313,-1.3252716074137552,0.006571741511509188,Contraction,EASING,5.0,0
1996-05-01,1996-04-30,1.0,0.8361286885707889,1.215526459663105,2.055741895215276,-0.02732296207736784,Expansion,EASING,5.01,0
1996-06-03,1996-05-31,1.0,0.8005413139876056,1.1169314386254003,0.842066587268486,-0.04086975492689593,Expansion,EASING,5.04,0
1996-07-01,1996-06-28,1.0,1.0,1.1943861628228862,1.3945746094734093,-0.13973735761445383,Expansion,EASING,5.04,0
1996-08-01,1996-07-31,1.0,0.5391765044376006,1.6678071483906782,0.4522806887275732,-0.1356472360644272,Expansion,EASING,5.18,0
1996-09-03,1996-08-30,1.0,0.8793908669554721,0.7798906922195626,-0.3370407464058377,-0.14595032710009548,Slowdown,EASING,5.15,0
1996-10-01,1996-09-30,1.0,0.9674569331453993,0.7288715296242176,-0.4655146331986686,-0.11563416713631192,Slowdown,EASING,4.91,0
1996-11-01,1996-10-31,1.0,1.0,0.46331791311050885,-1.2044892352801693,-0.271512390618021,Slowdown,EASING,5.03,0
1996-12-02,1996-11-29,1.0,1.0,0.6276656270873209,-0.15222506513224177,-0.0966915258141503,Slowdown,EASING,5.0,0
1997-01-02,1996-12-31,1.0,0.6347062685978103,0.45935032100371076,-0.2695212086205069,-0.10274749737888378,Slowdown,EASING,5.07,0
1997-02-03,1997-01-31,1.0,0.7685282139379377,0.7257264287197044,0.26240851560919554,-0.035078654265706,Expansion,EASING,5.02,0
1997-03-03,1997-02-28,1.0,0.6650708493839547,0.957221579050035,0.32955595196271414,-0.13960154794323376,Expansion,EASING,5.09,0
1997-04-01,1997-03-31,1.0,0.6111786372996271,0.7587819339429426,0.2994316129392318,-0.14600065856347033,Expansion,TIGHTENING,5.21,0
1997-05-01,1997-04-30,1.0,0.5027767975957615,0.3682318411930604,-0.357494587526644,-0.06977409207890961,Slowdown,TIGHTENING,5.14,0
1997-06-02,1997-05-30,1.0,0.6900884130877224,0.062386741701078614,-0.8948348373489564,-0.06282274400162091,Slowdown,TIGHTENING,4.82,0
1997-07-01,1997-06-30,1.0,0.6713809960139377,1.0198529931203568,0.26107105917741424,-0.0013390885650537143,Expansion,TIGHTENING,5.06,0
1997-08-01,1997-07-31,1.0,0.6998851046436853,1.1430937644316304,0.77486192323857,-0.10435301980973133,Expansion,TIGHTENING,5.11,0
1997-09-02,1997-08-29,1.0,0.5695766958589044,0.9786259022999405,0.9162391605988619,-0.03191564946784897,Expansion,TIGHTENING,5.1,0
1997-10-01,1997-09-30,1.0,0.636720222088784,1.0898699675201062,0.07001697439974941,-0.15332245940002753,Expansion,TIGHTENING,4.93,0
1997-11-03,1997-10-31,1.0,0.3383818446336233,1.104942794733432,-0.03815096969819831,-0.28245897457699165,Slowdown,TIGHTENING,5.07,0
1997-12-01,1997-11-28,1.0,0.6229221136992664,1.1316123574052357,0.15298645510529518,-0.3794857304323145,Expansion,TIGHTENING,5.08,0
1998-01-02,1997-12-31,1.0,0.8315539616479825,0.8967531588663538,-0.19311680865375247,-0.4664824942211192,Slowdown,TIGHTENING,5.22,0
1998-02-02,1998-01-30,1.0,0.6698774418125844,1.0678083681420427,-0.037134426591389325,-0.568432313734311,Slowdown,TIGHTENING,5.06,0
1998-03-02,1998-02-27,1.0,1.0,0.7586337527094248,-0.3729786046958109,-0.5478696459728853,Slowdown,TIGHTENING,5.18,0
1998-04-01,1998-03-31,1.0,1.0,0.6093458788594028,-0.2874072800069509,-0.5016304958956646,Slowdown,TIGHTENING,5.02,0
1998-05-01,1998-04-30,1.0,0.8739897517720492,0.5026299067403103,-0.5651784614017324,-0.6225277037452663,Slowdown,TIGHTENING,4.87,0
1998-06-01,1998-05-29,1.0,0.88211666259909,0.7633736934721179,0.004739940762693129,-0.7559473831514101,Expansion,TIGHTENING,4.89,0
1998-07-01,1998-06-30,1.0,0.657127055795122,1.3903406920999448,0.780994813240542,-0.7681564245809884,Expansion,TIGHTENING,4.97,0
1998-08-03,1998-07-31,1.0,0.8122767393882607,0.4805454180005188,-0.022084488739791464,-0.743928990118901,Slowdown,TIGHTENING,4.97,0
1998-09-01,1998-08-31,0.0,0.38844273669560503,0.602549120613159,-0.1608245728589589,-1.0203182920371239,Slowdown,TIGHTENING,4.77,0
1998-10-01,1998-09-30,0.0,0.39108868425430776,-0.8210889683012114,-2.2114296604011563,-0.8051304190399104,Contraction,EASING,4.26,0
1998-11-02,1998-10-30,1.0,0.586900151371971,0.20348883546637211,-0.27705658253414667,-0.5664131070801641,Slowdown,EASING,4.23,0
1998-12-01,1998-11-30,1.0,0.8583963292907583,-0.2743235383256525,-0.8768726589388115,-0.7932209045282006,Contraction,EASING,4.42,0
1999-01-04,1998-12-31,1.0,0.6801108558638203,0.26945096816715,1.0905399364683612,-0.7492364928646893,Expansion,EASING,4.37,0
1999-02-01,1999-01-29,1.0,0.674466558136671,0.8132223488879297,0.6097335134215576,-0.7621083016459123,Expansion,EASING,4.37,0
1999-03-01,1999-02-26,1.0,0.742646463220292,0.8912695992870143,1.165593137612667,-0.6463245492371632,Expansion,EASING,4.55,0
1999-04-01,1999-03-31,1.0,0.7131383667508503,0.25428373471357985,-0.015167233453570128,-0.6566957485112583,Slowdown,EASING,4.37,0
1999-05-03,1999-04-30,1.0,0.7948364045111882,1.2147407475127638,0.4015183986248342,-0.7782266991366065,Expansion,EASING,4.43,0
1999-06-01,1999-05-28,1.0,0.8213994723085365,0.7752251272649963,-0.11604447202201806,-0.8555474159974468,Slowdown,EASING,4.53,0
1999-07-01,1999-06-30,1.0,1.0,0.3442754942796199,0.08999175956604005,-0.7817665075467088,Expansion,TIGHTENING,4.65,0
1999-08-02,1999-07-30,1.0,1.0,0.5866012650569564,-0.6281394824558074,-0.7829418899548006,Slowdown,TIGHTENING,4.62,0
1999-09-01,1999-08-31,1.0,0.8451460036761974,0.8289540701727971,0.053728942907800836,-0.6020065966519921,Expansion,TIGHTENING,4.84,0
1999-10-01,1999-09-30,0.0,0.7878653517833106,0.8364780259392117,0.4922025316595918,-0.7050161700956608,Expansion,TIGHTENING,4.74,0
1999-11-01,1999-10-29,1.0,0.6515979351501492,0.964895869054965,0.3782946039980086,-0.8531322537668178,Expansion,TIGHTENING,4.97,0
1999-12-01,1999-11-30,1.0,1.0,1.2597893770558057,0.43083530688300864,-0.5685830070746505,Expansion,TIGHTENING,5.15,0
2000-01-03,1999-12-31,1.0,1.0,0.8567206380439596,0.02024261210474787,-0.59330655223002,Expansion,TIGHTENING,5.17,9
2000-02-01,2000-01-31,1.0,0.4752342630269741,0.6781291128338424,-0.2867667562211227,-0.5140507196710091,Slowdown,TIGHTENING,5.53,9
2000-03-01,2000-02-29,1.0,0.6994158983760144,0.8901342253092074,-0.36965515174659835,-0.5604028682467437,Slowdown,TIGHTENING,5.62,9
2000-04-03,2000-03-31,1.0,0.5987621221927838,1.2064578269682338,0.3497371889242742,-0.46132823175732796,Expansion,TIGHTENING,5.72,9
2000-05-01,2000-04-28,1.0,0.4854952675038482,0.6251156407081175,-0.053013472125724825,-0.2776296903834279,Slowdown,TIGHTENING,5.66,9
2000-06-01,2000-05-31,1.0,0.64401768373443,0.8780322090351876,-0.012102016274019745,-0.09912950790549147,Slowdown,TIGHTENING,5.48,9
2000-07-03,2000-06-30,1.0,1.0,0.16499554068665934,-1.0414622862815746,-0.29346418591971,Slowdown,TIGHTENING,5.71,9
2000-08-01,2000-07-31,1.0,0.9307701450054748,0.3020290763101191,-0.32308656439799843,-0.2814734118608202,Slowdown,TIGHTENING,6.03,9
2000-09-01,2000-08-31,1.0,1.0,1.1257639169443694,0.24773170790918175,-0.2578871437515211,Expansion,TIGHTENING,6.13,9
2000-10-02,2000-09-29,0.0,0.9713603425513962,0.37739114488987247,0.21239560420321313,-0.2080265195772073,Expansion,TIGHTENING,6.05,9
2000-11-01,2000-10-31,0.0,0.5923230870243882,0.13263280100314193,-0.16939627530697718,-0.12742728334373776,Slowdown,TIGHTENING,6.19,9
2000-12-01,2000-11-30,0.0,0.7786916494627452,0.5409490313029399,-0.5848148856414295,-0.1499790078145029,Slowdown,TIGHTENING,6.03,9
2001-01-02,2000-12-29,0.0,0.5804055608041633,-0.6248987585157614,-1.0022899034056338,-0.18152319402941863,Contraction,TIGHTENING,5.73,9
2001-02-01,2001-01-31,0.0,0.7085526485964879,-2.899741499890691,-3.0323743008938333,-0.09952184131616182,Contraction,EASING,4.86,9
2001-03-01,2001-02-28,0.0,0.8649623734377883,-2.2969850836678334,-2.837934114970773,-0.12891215195338468,Contraction,EASING,4.73,9
2001-04-02,2001-03-30,0.0,0.5414067381314654,-1.6046305996521093,-0.9797318411363479,0.005221651010691275,Contraction,EASING,4.2,9
2001-05-01,2001-04-30,0.0,0.594794478047666,-0.8296894517314265,2.0700520481592646,0.0358798629308561,Recovery,EASING,3.86,9
2001-06-01,2001-05-31,0.0,1.0,-0.896253717073642,1.4007313665941914,-0.06753567213817302,Recovery,EASING,3.55,9
2001-07-02,2001-06-29,0.0,1.0,-0.5277576378536517,1.0768729617984576,0.02768806036157656,Recovery,EASING,3.57,9
2001-08-01,2001-07-31,0.0,0.8906409002080884,-0.9400671301089744,-0.11037767837754786,-0.05748557505657992,Contraction,EASING,3.46,9
2001-09-04,2001-08-31,0.0,0.9934179164118292,-1.334479649527554,-0.43822593245391195,0.09219573534524805,Contraction,EASING,3.3,9
2001-10-01,2001-09-28,0.0,0.543487099836302,-0.6015269305834093,-0.07376929272975763,0.12212212212212759,Contraction,EASING,2.35,9
2001-11-01,2001-10-31,0.0,0.8695797364665938,-1.6896686328727948,-0.7496015027638204,0.042094880100231435,Contraction,EASING,2.01,9
2001-12-03,2001-11-30,0.0,0.9931457403321342,-1.2494164788633095,0.0850631706642444,-0.7832932196853974,Recovery,EASING,1.75,9
2002-01-02,2001-12-31,0.0,1.0,-0.7826892464731983,-0.18116231588978893,-0.21267328836247312,Contraction,EASING,1.71,9
2002-02-01,2002-01-31,0.0,0.962954126644729,0.749242703645876,2.4389113365186708,-0.1853368857782849,Expansion,EASING,1.73,9
2002-03-01,2002-02-28,0.0,0.8459956634875136,0.7862167715794268,2.0356332504427366,-0.26127259484869203,Expansion,EASING,1.76,9
2002-04-01,2002-03-28,1.0,1.0,0.8866931909184271,1.6693824373916253,-0.5817193519447077,Expansion,EASING,1.76,9
2002-05-01,2002-04-30,0.0,1.0,0.9029515743034467,0.15370887065757077,-0.5671012774924415,Expansion,EASING,1.74,9
2002-06-03,2002-05-31,0.0,0.7918410519675776,0.724683681215432,-0.06153309036399479,-0.5514873238695355,Slowdown,EASING,1.71,9
2002-07-01,2002-06-28,0.0,0.7773878767424363,1.4608963883357837,0.5742031974173566,-0.43031656377247973,Expansion,EASING,1.67,9
2002-08-01,2002-07-31,0.0,0.41411638862508,0.42546557482981234,-0.4774859994736344,-0.3413878237117123,Slowdown,EASING,1.68,9
2002-09-03,2002-08-30,0.0,0.5659349506846494,-0.09363678780086471,-0.8183204690162967,-0.40666684137424625,Contraction,EASING,1.66,9
2002-10-01,2002-09-30,0.0,0.6710125184902683,0.3105371635763596,-1.150359224759424,-0.46173952819710085,Slowdown,EASING,1.54,9
2002-11-01,2002-10-31,0.0,0.5348585299063285,-0.5478376974245814,-0.9733032722543937,-0.3122803809125756,Contraction,EASING,1.42,9
2002-12-02,2002-11-29,0.0,0.7965572456541672,0.5344021443411804,0.6280389321420451,0.4356919519693099,Overheat,EASING,1.2,9
2003-01-02,2002-12-31,0.0,0.9270479945371458,0.5231020917006279,0.21256492812426836,-0.19448430610273615,Expansion,EASING,1.2,9
2003-02-03,2003-01-31,0.0,0.7822838890701856,0.4040642134612086,0.95190191088579,-0.30230438744955723,Expansion,EASING,1.16,9
2003-03-03,2003-02-28,0.0,0.9025661252745387,-0.1191076120900827,-0.6535097564312631,-0.2311136564794074,Contraction,EASING,1.18,9
2003-04-01,2003-03-31,0.0,0.6931738130596669,-0.2897917180425172,-0.8128938097431451,-0.21909432685929087,Contraction,EASING,1.12,9
2003-05-01,2003-04-30,1.0,0.9990575369109475,-0.49811894510385946,-0.902183158565068,-0.27313095639980123,Contraction,EASING,1.11,9
2003-06-02,2003-05-30,1.0,1.0,-0.04458792346197014,0.07451968862811256,-0.2310984308131241,Recovery,EASING,1.09,9
2003-07-01,2003-06-30,1.0,1.0,1.159237935420271,1.4490296534627882,-0.40155189136758906,Expansion,EASING,0.89,9
2003-08-01,2003-07-31,1.0,1.0,1.057491470843952,1.5556104159478115,-0.36844892844684995,Expansion,EASING,0.94,9
2003-09-02,2003-08-29,1.0,1.0,1.3695726324304784,1.4141605558924486,-0.47292800577811533,Expansion,EASING,0.96,9
2003-10-01,2003-09-30,1.0,1.0,1.564063308958818,0.404825373538547,-0.42583534984294946,Expansion,EASING,0.93,9
2003-11-03,2003-10-31,1.0,1.0,2.3548796426565186,1.2973881718125666,-0.5111439398805189,Expansion,EASING,0.94,9
2003-12-01,2003-11-28,1.0,1.0,2.13048457593794,0.7609119435074616,-0.5353716718821993,Expansion,EASING,0.91,9
2004-01-02,2003-12-31,1.0,1.0,1.8964527968399127,0.3323894878810947,-0.4340962095389349,Expansion,EASING,0.93,9
2004-02-02,2004-01-30,1.0,1.0,2.3776163672421147,0.022736724585596058,-0.39465396727860025,Expansion,EASING,0.9,9
2004-03-01,2004-02-27,1.0,1.0,2.162758222787399,0.03227364684945888,-0.36289920319234437,Expansion,EASING,0.94,9
2004-04-01,2004-03-31,1.0,1.0,2.0723415541119268,0.17588875727201403,-0.17101226993862895,Expansion,EASING,0.93,9
2004-05-03,2004-04-30,1.0,1.0,2.31136733876647,-0.06624902847564451,-0.14672997396232113,Slowdown,EASING,0.96,9
2004-06-01,2004-05-28,1.0,1.0,2.102058601007659,-0.060699621779739754,-0.13951117567603077,Slowdown,EASING,1.06,9
2004-07-01,2004-06-30,1.0,1.0,1.8708456471342303,-0.20149590697769648,0.012448925039134195,Slowdown,TIGHTENING,1.31,9
2004-08-02,2004-07-30,1.0,1.0,2.2211129032888,-0.0902544354776702,0.005745227139832387,Slowdown,TIGHTENING,1.42,9
2004-09-01,2004-08-31,0.0,1.0,1.3166446323861067,-0.7854139686215524,0.11006377194542516,Slowdown,TIGHTENING,1.57,9
2004-10-01,2004-09-30,1.0,1.0,1.5104554512472321,-0.36039019588699817,-0.02445669391117722,Slowdown,TIGHTENING,1.68,9
2004-11-01,2004-10-29,1.0,1.0,1.6573099446936352,-0.5638029585951647,-0.10009619766089095,Slowdown,TIGHTENING,1.87,9
2004-12-01,2004-11-30,1.0,1.0,1.1231510761849839,-0.19349355620112285,-0.0509138711226802,Slowdown,TIGHTENING,2.19,9
2005-01-03,2004-12-31,1.0,1.0,1.5386534580761184,0.02819800682888629,-0.017915720413828495,Expansion,TIGHTENING,2.18,9
2005-02-01,2005-01-31,1.0,1.0,0.9440685220315069,-0.7132414226621283,0.06254409837718367,Slowdown,TIGHTENING,2.48,9
2005-03-01,2005-02-28,1.0,1.0,1.2622693147713728,0.13911823858638894,0.06626650055996564,Expansion,TIGHTENING,2.72,9
2005-04-01,2005-03-31,1.0,1.0,1.273892138416978,-0.2647613196591405,0.17143000589925528,Slowdown,TIGHTENING,2.73,9
2005-05-02,2005-04-29,1.0,1.0,1.141249077924718,0.19718055589321104,0.1754385964912304,Expansion,TIGHTENING,2.84,9
2005-06-01,2005-05-31,1.0,1.0,0.1767701554154962,-1.0854991593558767,0.255610878975145,Slowdown,TIGHTENING,2.93,9
2005-07-01,2005-06-30,1.0,1.0,0.1969710980679243,-1.0769210403490537,0.10750917122108916,Slowdown,TIGHTENING,3.06,9
2005-08-01,2005-07-29,1.0,1.0,1.044369249486759,-0.09687982843795906,0.17689278771868722,Slowdown,TIGHTENING,3.34,9
2005-09-01,2005-08-31,1.0,1.0,1.1597217910449817,0.9829516356294855,0.0863658418243558,Expansion,TIGHTENING,3.44,9
2005-10-03,2005-09-30,1.0,1.0,0.8011024322217788,0.6041313341538546,0.11496880980193147,Expansion,TIGHTENING,3.47,9
2005-11-01,2005-10-31,1.0,1.0,0.5641903021463444,-0.48017894734041455,0.1588721197441041,Slowdown,TIGHTENING,3.89,9
2005-12-01,2005-11-30,1.0,1.0,0.9663097410031989,-0.19341205004178286,0.1932652251537288,Slowdown,TIGHTENING,3.86,9
2006-01-03,2005-12-30,1.0,1.0,1.2271599508453157,0.4260575186235369,0.2652200269698497,Expansion,TIGHTENING,3.99,9
2006-02-01,2006-01-31,1.0,1.0,0.7833646311008382,0.21917432895449385,0.3060304919449548,Expansion,TIGHTENING,4.37,9
2006-03-01,2006-02-28,1.0,1.0,1.26934850470996,0.3030387637067611,0.28088128321148886,Expansion,TIGHTENING,4.51,9
2006-04-03,2006-03-31,1.0,1.0,1.6509072809328615,0.42374733008754584,0.14247982211521748,Expansion,TIGHTENING,4.52,9
2006-05-01,2006-04-28,1.0,1.0,1.1531537691048435,0.36978913800400526,0.1377060439560447,Expansion,TIGHTENING,4.65,9
2006-06-01,2006-05-31,1.0,1.0,1.499978142602841,0.23062963789288093,0.1679288449539369,Expansion,TIGHTENING,4.74,9
2006-07-03,2006-06-30,1.0,1.0,1.4184868338613976,-0.23242044707146392,0.36218547983038096,Slowdown,TIGHTENING,4.87,9
2006-08-01,2006-07-31,1.0,1.0,0.8580478158467081,-0.2951059532581354,0.4085659581214447,Slowdown,TIGHTENING,4.97,9
2006-09-01,2006-08-31,1.0,1.0,0.9078871941852094,-0.5920909484176315,0.5957882421760781,Slowdown,TIGHTENING,4.92,9
2006-10-02,2006-09-29,1.0,1.0,0.7659739565412691,-0.6525128773201285,0.5457554517134051,Slowdown,TIGHTENING,4.77,9
2006-11-01,2006-10-31,1.0,1.0,0.6354316783050521,-0.222616137541656,0.6713519691645482,Slowdown,TIGHTENING,4.95,9
2006-12-01,2006-11-30,1.0,1.0,0.758371891434274,-0.14951530275093539,0.6060054595086424,Slowdown,TIGHTENING,4.9,9
2007-01-03,2006-12-29,1.0,1.0,0.21743262133412566,-0.5485413352071434,0.49691514843579654,Slowdown,TIGHTENING,4.89,9
2007-02-01,2007-01-31,1.0,1.0,0.35728030084961243,-0.27815137745543966,0.28421802034437516,Slowdown,TIGHTENING,4.99,9
2007-03-01,2007-02-28,1.0,1.0,1.232505990093334,0.47413409865906,0.31560168275894984,Expansion,TIGHTENING,5.01,9
2007-04-02,2007-03-30,1.0,1.0,0.578942305767114,0.36150968443298837,0.5004510193036289,Overheat,TIGHTENING,4.9,9
2007-05-01,2007-04-30,1.0,1.0,0.43249684361235535,0.07521654276274292,0.5564668163642779,Overheat,TIGHTENING,4.79,9
2007-06-01,2007-05-31,1.0,1.0,0.7793003179247981,-0.4532056721685358,0.3769893065417991,Slowdown,TIGHTENING,4.6,9
2007-07-02,2007-06-29,1.0,1.0,1.271988532432435,0.6930462266653209,0.21097368798051086,Expansion,TIGHTENING,4.68,9
2007-08-01,2007-07-31,1.0,0.9753140302261144,0.83749275280719,0.4049959091948347,0.07564246076166192,Expansion,TIGHTENING,4.82,9
2007-09-04,2007-08-31,1.0,0.7186471894268195,0.5785794378593966,-0.20072088006540156,-0.012733708692678647,Slowdown,TIGHTENING,3.91,9
2007-10-01,2007-09-28,1.0,1.0,0.5340063613031757,-0.7379821711292592,0.04110694451036245,Slowdown,EASING,3.72,9
2007-11-01,2007-10-31,1.0,1.0,0.8227545495560146,-0.014738203251175475,-0.01515869256276492,Slowdown,EASING,3.84,9
2007-12-03,2007-11-30,1.0,0.6360909028603927,0.541627704813454,-0.03695173304594257,0.10232580137870162,Slowdown,EASING,3.08,9
2008-01-02,2007-12-31,0.0,0.9415864330514697,-0.40736409959104813,-0.9413704608942238,0.18350919434411317,Contraction,EASING,3.29,9
2008-02-01,2008-01-31,0.0,0.7507390096675831,-0.7990172546149189,-1.6217718041709335,0.3358422008824098,Contraction,EASING,1.92,9
2008-03-03,2008-02-29,0.0,0.8931485055450246,-1.1498613762719179,-1.691489081085372,0.4033930254476976,Contraction,EASING,1.81,9
2008-04-01,2008-03-31,0.0,0.6086356134157648,-1.2127322208369071,-0.805368121245859,0.19304421289776563,Contraction,EASING,1.36,9
2008-05-01,2008-04-30,0.0,1.0,-1.0743398506878095,-0.27532259607289056,0.07240539527913104,Contraction,EASING,1.41,9
2008-06-02,2008-05-30,0.0,1.0,-0.7008755163059924,0.44898585996592544,0.1697429059349238,Recovery,EASING,1.85,9
2008-07-01,2008-06-30,0.0,0.8968933959051291,-1.0097894374142153,0.20294278342269179,0.08372266866005962,Recovery,EASING,1.87,9
2008-08-01,2008-07-31,0.0,0.7598645748514506,-0.864614920291295,0.2097249303965144,0.14893195048824204,Recovery,EASING,1.65,9
2008-09-02,2008-08-29,0.0,0.8704334333419461,-0.6799043394044167,0.020971176901575683,0.21409520259963077,Recovery,EASING,1.69,9
2008-10-01,2008-09-30,0.0,0.35684467875526654,-0.6869547500477934,0.32283468736642196,0.2444992324510471,Recovery,EASING,0.9,9
2008-11-03,2008-10-31,0.0,0.202534011999412,-2.193880405599714,-1.3292654853084187,0.21793859445398311,Contraction,EASING,0.44,9
2008-12-01,2008-11-28,0.0,0.27776712887508237,-2.1327528102993054,-1.4528484708948888,0.04398327755324072,Contraction,EASING,0.01,9
2009-01-02,2008-12-31,0.0,0.5728347491711224,-2.0806443166407944,-1.3936895665930011,-0.3655978562188116,Contraction,EASING,0.11,9
2009-02-02,2009-01-30,0.0,0.5074945473065623,-1.8742877597376282,0.3195926458620857,-0.6097341664168958,Recovery,EASING,0.24,9
2009-03-02,2009-02-27,0.0,0.5683577446313519,-2.189848682684295,-0.05709587238498948,-0.8621721122871611,Contraction,EASING,0.26,9
2009-04-01,2009-03-31,0.0,0.44120853531527876,-1.949799187420802,0.13084512921999236,-1.0940718542247856,Recovery,EASING,0.21,9
2009-05-01,2009-04-30,0.0,0.6754891550438054,-1.2778664538657412,0.596421305871887,-1.1121613251049638,Recovery,EASING,0.14,9
2009-06-01,2009-05-29,0.0,0.7454297697025861,-0.8237536189105842,1.3660950637737108,-1.237541357084802,Recovery,EASING,0.14,9
2009-07-01,2009-06-30,1.0,1.0,-0.4317938982938543,1.5180052891269478,-1.0720823798627137,Recovery,EASING,0.19,9
2009-08-03,2009-07-31,1.0,0.9825952922979447,-0.3637072348194091,0.9141592190463321,-1.1776973240900528,Recovery,EASING,0.18,9
2009-09-01,2009-08-31,1.0,1.0,0.3459674723988453,1.1697210913094294,-1.2798541476754837,Expansion,EASING,0.15,9
2009-10-01,2009-09-30,1.0,1.0,0.6688518316795661,1.1006457299734205,-1.3744170704520258,Expansion,EASING,0.14,9
2009-11-02,2009-10-30,1.0,0.9994016601516597,0.7854294624500507,1.1491366972694599,-1.3490559607388635,Expansion,EASING,0.05,9
2009-12-01,2009-11-30,1.0,1.0,0.7790557127373963,0.433088240338551,-1.2748195560397617,Expansion,EASING,0.06,9
2010-01-04,2009-12-31,1.0,1.0,0.45295805115006615,-0.21589378052949992,-0.7601004648202663,Slowdown,EASING,0.06,9
2010-02-01,2010-01-29,1.0,1.0,0.6204380350048795,-0.16499142744517126,-0.6265235583045241,Slowdown,EASING,0.08,9
2010-03-01,2010-02-26,1.0,1.0,0.6457106692874864,-0.13334504344990983,-0.4904844782672928,Slowdown,EASING,0.13,9
2010-04-01,2010-03-31,1.0,1.0,0.7514494075592287,0.2984913564091626,-0.30909628820465596,Expansion,EASING,0.16,9
2010-05-03,2010-04-30,1.0,1.0,1.1441182413048834,0.5236802063000039,-0.3013461888302631,Expansion,EASING,0.16,9
2010-06-01,2010-05-28,1.0,0.6308152939786342,0.9456109516042092,0.2999002823167227,-0.22303016531273023,Expansion,EASING,0.16,9
2010-07-01,2010-06-30,0.0,0.7745400962749243,0.6885214373095758,-0.06292797024965291,-0.3970253143032103,Slowdown,EASING,0.18,9
2010-08-02,2010-07-30,1.0,1.0,0.03965984567518266,-1.1044583956297007,-0.36314412261126794,Slowdown,EASING,0.15,9
2010-09-01,2010-08-31,0.0,1.0,0.1546466222047803,-0.7909643293994288,-0.44442936012309797,Slowdown,EASING,0.14,9
2010-10-01,2010-09-30,1.0,1.0,0.11590252823687908,-0.5726189090726967,-0.5294117647058876,Slowdown,EASING,0.16,9
2010-11-01,2010-10-29,1.0,1.0,0.341480266674002,0.30182042099881934,-0.5823767762615821,Expansion,EASING,0.12,9
2010-12-01,2010-11-30,1.0,1.0,0.4522815443995288,0.2976349221947485,-0.7031716523012692,Expansion,EASING,0.17,9
2011-01-03,2010-12-31,1.0,1.0,0.7368597040944511,0.620957175857572,-0.9212186524774717,Expansion,EASING,0.12,9
2011-02-01,2011-01-31,1.0,1.0,0.6166857518945897,0.27520548522058774,-0.8784208165096379,Expansion,EASING,0.15,9
2011-03-01,2011-02-28,1.0,1.0,1.003640058782806,0.5513585143832773,-0.9432516024922659,Expansion,EASING,0.15,9
2011-04-01,2011-03-31,1.0,1.0,1.093415193140326,0.35655548904587486,-0.8765553665741592,Expansion,EASING,0.09,9
2011-05-02,2011-04-29,1.0,1.0,0.7835403025373683,0.16685455064277854,-0.7880956107595631,Expansion,EASING,0.04,9
2011-06-01,2011-05-31,1.0,1.0,0.3343219956481522,-0.6693180631346538,-0.7854296207816507,Slowdown,EASING,0.06,9
2011-07-01,2011-06-30,1.0,1.0,-0.37228773019985995,-1.465702923340186,-0.6052998605299935,Contraction,EASING,0.03,9
2011-08-01,2011-07-29,1.0,1.0,-0.03304717926472802,-0.8165874818020963,-0.4764388569390636,Contraction,EASING,0.1,9
2011-09-01,2011-08-31,0.0,0.4139923484441095,-0.636840414460622,-0.9711624101087741,-0.4136709481212346,Contraction,EASING,0.02,9
2011-10-03,2011-09-30,0.0,0.6816224432402499,-0.5111573344184039,-0.138869604218544,-0.2655482404839242,Contraction,EASING,0.02,9
2011-11-01,2011-10-31,0.0,0.6896063046471341,0.013832751920003841,0.04687993118473186,-0.16036948416895225,Expansion,EASING,0.01,9
2011-12-01,2011-11-30,0.0,0.6519439964162858,0.22418093483895932,0.8610213492995813,-0.14917803038731847,Expansion,EASING,0.01,9
2012-01-03,2011-12-30,0.0,1.0,0.2785615500989818,0.7897188845173857,-0.25527803382827496,Expansion,EASING,0.02,9
2012-02-01,2012-01-31,1.0,1.0,0.5883786864994291,0.5745459345794253,-0.17213842058560846,Expansion,EASING,0.06,9
2012-03-01,2012-02-29,1.0,1.0,0.8042035108465496,0.5800225760075903,-0.025039088923149322,Expansion,EASING,0.08,9
2012-04-02,2012-03-30,1.0,1.0,0.6492252197519307,0.3706636696529489,0.06147921922719135,Expansion,EASING,0.07,9
2012-05-01,2012-04-30,1.0,1.0,0.2019495365226643,-0.3864291499767648,0.025847785264556222,Slowdown,EASING,0.1,9
2012-06-01,2012-05-31,1.0,1.0,0.29532221500606365,-0.508881295840486,0.04484542336240693,Slowdown,EASING,0.07,9
2012-07-02,2012-06-29,1.0,0.9582717798143555,-0.19153302086296453,-0.8407582406148952,-0.03466299862448885,Contraction,EASING,0.09,9
2012-08-01,2012-07-31,1.0,1.0,-0.45707585937367057,-0.6590253958963349,-0.17325531611245104,Contraction,EASING,0.11,9
2012-09-04,2012-08-31,1.0,1.0,-0.19336330926362297,-0.4886855242696866,-0.18074152054478976,Contraction,EASING,0.09,9
2012-10-01,2012-09-28,1.0,1.0,-0.2393563020100019,-0.04782328114703738,-0.2261349451415855,Contraction,EASING,0.1,9
2012-11-01,2012-10-31,1.0,1.0,-0.17600649555360703,0.28106936382006353,-0.36407745770860966,Recovery,EASING,0.11,9
2012-12-03,2012-11-30,1.0,1.0,-0.35107003055157326,-0.1577067212879503,-0.30839794692585176,Contraction,EASING,0.08,9
2013-01-02,2012-12-31,1.0,1.0,-0.04764478810986813,0.19171151390013377,-0.11055078918069494,Recovery,EASING,0.05,9
2013-02-01,2013-01-31,1.0,1.0,-0.10737065153151544,0.0686358440220916,-0.2169309864064255,Recovery,EASING,0.07,9
2013-03-01,2013-02-28,1.0,1.0,0.12343581674913107,0.47450584730070433,-0.3101348412353193,Expansion,EASING,0.11,9
2013-04-01,2013-03-28,1.0,1.0,0.2891238806813856,0.3367686687912537,-0.4084132921342114,Expansion,EASING,0.07,9
2013-05-01,2013-04-30,1.0,1.0,-0.12474878168771965,-0.017378130156204208,-0.4398683469750013,Contraction,EASING,0.05,9
2013-06-03,2013-05-31,1.0,1.0,-0.07201082462724456,-0.19544664137637563,-0.5192550880340523,Contraction,EASING,0.04,9
2013-07-01,2013-06-28,1.0,1.0,0.4469307261712477,0.15780684548986207,-0.6229373738681803,Expansion,EASING,0.04,9
2013-08-01,2013-07-31,1.0,1.0,0.4510072239357687,0.5757560056234884,-0.6070831761091116,Expansion,EASING,0.04,9
2013-09-03,2013-08-30,1.0,1.0,0.4311015711141048,0.5031123957413494,-0.5363489499192058,Expansion,EASING,0.03,9
2013-10-01,2013-09-30,1.0,1.0,0.7487313585761689,0.3018006324049212,-0.5120392485959728,Expansion,EASING,0.02,9
2013-11-01,2013-10-31,1.0,1.0,0.3694444255573118,-0.08156279837845692,-0.46674909951078636,Slowdown,EASING,0.04,9
2013-12-02,2013-11-29,1.0,1.0,0.14975681753009826,-0.28134475358400657,-0.4707739559058659,Slowdown,EASING,0.06,9
2014-01-02,2013-12-31,1.0,1.0,0.19373422030572876,-0.5549971382704402,-0.5451818522684597,Slowdown,EASING,0.07,9
2014-02-03,2014-01-31,1.0,1.0,0.6889268122611498,0.31948238670383805,-0.4857402750280775,Expansion,EASING,0.02,9
2014-03-03,2014-02-28,1.0,1.0,0.20978280731014406,0.06002598978004581,-0.45263810766302637,Expansion,EASING,0.05,9
2014-04-01,2014-03-31,1.0,1.0,0.451132240297962,0.2573980199922332,-0.5475384993010017,Expansion,EASING,0.05,9
2014-05-01,2014-04-30,1.0,1.0,0.6650739042477509,-0.0238529080133989,-0.6098822024412458,Slowdown,EASING,0.03,9
2014-06-02,2014-05-30,1.0,1.0,1.0639419402325079,0.8541591329223638,-0.5525769243058569,Expansion,EASING,0.04,9
2014-07-01,2014-06-30,1.0,1.0,0.883136548072882,0.43200430777492,-0.4287341516122627,Expansion,EASING,0.04,9
2014-08-01,2014-07-31,1.0,1.0,1.1250707597189402,0.4599968554711893,-0.37634374302210993,Expansion,EASING,0.03,9
2014-09-02,2014-08-29,1.0,1.0,0.9775262009617349,-0.08641573927077295,-0.4364551157532741,Slowdown,EASING,0.03,9
2014-10-01,2014-09-30,1.0,1.0,1.3339393270025626,0.45080277892968057,-0.3896786778191146,Expansion,EASING,0.02,9
2014-11-03,2014-10-31,1.0,1.0,0.6828215488281888,-0.4422492108907514,-0.46025140049348146,Slowdown,EASING,0.01,9
2014-12-01,2014-11-28,1.0,1.0,1.222427521537156,0.24490132057542113,-0.44515194144463077,Expansion,EASING,0.02,9
2015-01-02,2014-12-31,1.0,1.0,0.4593424923378684,-0.8745968346646942,-0.5290856678246785,Slowdown,EASING,0.04,9
2015-02-02,2015-01-30,1.0,1.0,0.5383661112914542,-0.14445543753673462,-0.607421463208933,Slowdown,EASING,0.02,9
2015-03-02,2015-02-27,1.0,1.0,0.2717239899591444,-0.9507035315780117,-0.6436537104706135,Slowdown,EASING,0.02,9
2015-04-01,2015-03-31,1.0,1.0,-0.018721840694476095,-0.47806433303234447,-0.7902886476478947,Contraction,EASING,0.03,9
2015-05-01,2015-04-30,1.0,1.0,-0.06862169683263479,-0.6069878081240889,-0.7225183736554879,Contraction,EASING,0.01,9
2015-06-01,2015-05-29,1.0,1.0,-0.018937278283132814,-0.29066126824227717,-0.7191601049868694,Contraction,EASING,0.01,9
2015-07-01,2015-06-30,1.0,1.0,-0.031221849532996226,-0.012500008838520132,-0.7056271158018195,Contraction,EASING,0.01,9
2015-08-03,2015-07-31,1.0,1.0,0.017967148420785433,0.08658884525342023,-0.7527988783560406,Expansion,EASING,0.08,9
2015-09-01,2015-08-31,0.0,0.7049664695204997,-0.5235585293253419,-0.504621251042209,-0.7458456135950291,Contraction,EASING,0.08,9
2015-10-01,2015-09-30,0.0,0.8392721535333643,-0.5941081878449963,-0.5628863383120001,-0.8210499958267263,Contraction,EASING,-0.01,9
2015-11-02,2015-10-30,1.0,1.0,-0.7011718948387694,-0.7191390432595548,-0.7787453720602837,Contraction,EASING,0.08,9
2015-12-01,2015-11-30,1.0,1.0,-0.39985114599138916,0.1237073833339527,-0.7678751835689095,Recovery,EASING,0.22,9
2016-01-04,2015-12-31,1.0,1.0,-0.740988128421221,-0.14687994057622467,-0.8220113220113383,Contraction,TIGHTENING,0.16,9
2016-02-01,2016-01-29,0.0,0.8224236136316766,-1.124750696307399,-0.4235788014686296,-0.8032979486592966,Contraction,TIGHTENING,0.32,9
2016-03-01,2016-02-29,0.0,0.9379218637128146,-1.0414256050120947,-0.6415744590207055,-0.8082993070057869,Contraction,TIGHTENING,0.33,9
2016-04-01,2016-03-31,1.0,1.0,-0.04888431959917605,0.6921038088220449,-0.5937597439042301,Recovery,TIGHTENING,0.21,9
2016-05-02,2016-04-29,1.0,1.0,-0.05785653414185651,1.0668941621655426,-0.5341140318092945,Recovery,TIGHTENING,0.22,9
2016-06-01,2016-05-31,1.0,1.0,-0.5719150277178855,0.4695105772942092,-0.5425520887322381,Recovery,TIGHTENING,0.34,9
2016-07-01,2016-06-30,1.0,0.9839935991051096,-0.13251043173003954,-0.08362611213086349,-0.48005132025494657,Contraction,TIGHTENING,0.26,9
2016-08-01,2016-07-29,1.0,1.0,0.011527257709708477,0.06938379185156499,-0.43126718062129576,Expansion,TIGHTENING,0.27,9
2016-09-01,2016-08-31,1.0,1.0,-0.1431633105683874,0.4287517171494981,-0.4475960446729026,Recovery,TIGHTENING,0.33,9
2016-10-03,2016-09-30,1.0,1.0,0.148485145397207,0.28099557712724654,-0.4006681927859894,Expansion,TIGHTENING,0.28,9
2016-11-01,2016-10-31,1.0,1.0,-0.02729706296635812,-0.038824320676066594,-0.3030415430266924,Contraction,TIGHTENING,0.34,10
2016-12-01,2016-11-30,1.0,1.0,0.5119001515586799,0.6550634621270672,-0.31474546277623183,Expansion,TIGHTENING,0.48,10
2017-01-03,2016-12-30,1.0,1.0,1.0708448440200213,0.9223596986228143,-0.2175916402682203,Expansion,TIGHTENING,0.5,10
2017-02-01,2017-01-31,1.0,1.0,1.1897616902529824,1.2170587532193404,-0.28114083754571073,Expansion,TIGHTENING,0.52,10
2017-03-01,2017-02-28,1.0,1.0,1.8147291071451885,1.3028289555865087,-0.22990677235203805,Expansion,TIGHTENING,0.53,10
2017-04-03,2017-03-31,1.0,1.0,1.4118297212917243,0.340984877271703,-0.13666506093248199,Expansion,TIGHTENING,0.75,10
2017-05-01,2017-04-28,1.0,1.0,0.904790462283163,-0.28497122796981944,-0.1327248915445649,Slowdown,TIGHTENING,0.79,10
2017-06-01,2017-05-31,1.0,1.0,1.177923266606664,-0.6368058405385246,-0.32134537578161027,Slowdown,TIGHTENING,0.96,10
2017-07-03,2017-06-30,1.0,1.0,1.355723278005695,-0.05610644328602943,-0.3631786540558828,Slowdown,TIGHTENING,1.01,10
2017-08-01,2017-07-31,1.0,1.0,0.9770980560233632,0.07230759374020024,-0.45447885718938696,Expansion,TIGHTENING,1.05,10
2017-09-01,2017-08-31,1.0,1.0,1.2919071407848859,0.11398387417822198,-0.4235561970199013,Expansion,TIGHTENING,0.99,10
2017-10-02,2017-09-29,1.0,1.0,1.4105864492763238,0.0548631712706289,-0.4968892407311447,Expansion,TIGHTENING,1.04,10
2017-11-01,2017-10-31,1.0,1.0,1.6933670737244757,0.7162690177011125,-0.5664062895758031,Expansion,TIGHTENING,1.13,10
2017-12-01,2017-11-30,1.0,1.0,1.318511491729214,0.026604350944328115,-0.5774126312807475,Expansion,TIGHTENING,1.25,10
2018-01-02,2017-12-29,1.0,1.0,1.6315947546609733,0.22100830538464944,-0.45898889461504044,Expansion,TIGHTENING,1.37,10
2018-02-01,2018-01-31,1.0,1.0,1.6036381574853709,-0.08972891623910484,-0.45462350386344763,Slowdown,TIGHTENING,1.44,10
2018-03-01,2018-02-28,1.0,0.6868802617901806,1.7064180972245284,0.3879066054953144,-0.4231234866828064,Expansion,TIGHTENING,1.63,10
2018-04-02,2018-03-29,1.0,0.9114196558073274,1.466883964885116,-0.1647107897758573,-0.36796297227952124,Slowdown,TIGHTENING,1.7,10
2018-05-01,2018-04-30,1.0,1.0,1.2053382622404982,-0.39829989524487264,-0.35578188246403286,Slowdown,TIGHTENING,1.84,10
2018-06-01,2018-05-31,1.0,1.0,1.6977209004778728,-0.008697196746655589,-0.09081682894724707,Slowdown,TIGHTENING,1.89,10
2018-07-02,2018-06-29,1.0,1.0,1.7100345983151923,0.24315063343007637,-0.11578071257383016,Expansion,TIGHTENING,1.89,10
2018-08-01,2018-07-31,1.0,1.0,1.4565442270346585,0.25120596479416024,-0.0190976223159538,Expansion,TIGHTENING,1.99,10
2018-09-04,2018-08-31,1.0,1.0,1.29881760117374,-0.3989032993041328,-0.06378018151435949,Slowdown,TIGHTENING,2.07,10
2018-10-01,2018-09-28,1.0,1.0,1.2733973718766458,-0.4366372264385465,-0.004199580042006268,Slowdown,TIGHTENING,2.15,10
2018-11-01,2018-10-31,0.0,0.7894720872694021,1.383206060149882,-0.07333816688477657,-0.10423700033958916,Slowdown,TIGHTENING,2.29,10
2018-12-03,2018-11-30,1.0,0.9733819213026128,1.0624927636403156,-0.23632483753342437,-0.0397047086991158,Slowdown,TIGHTENING,2.32,10
2019-01-02,2018-12-31,0.0,0.6417296398178021,0.4098440265655439,-0.863553345311102,-0.1290926099158245,Slowdown,TIGHTENING,2.4,10
2019-02-01,2019-01-31,0.0,1.0,0.5238378132999548,-0.8593682468499271,0.010245188242909542,Slowdown,TIGHTENING,2.36,10
2019-03-01,2019-02-28,1.0,1.0,0.49323238164373767,-0.569260381996578,0.03807991418609724,Slowdown,TIGHTENING,2.4,10
2019-04-01,2019-03-29,1.0,1.0,0.7194399199145761,0.3095958933490322,-0.1555733761026561,Expansion,TIGHTENING,2.35,10
2019-05-01,2019-04-30,1.0,1.0,0.47308531938629383,-0.05075249391366099,-0.25589438526451946,Slowdown,TIGHTENING,2.38,10
2019-06-03,2019-05-31,0.0,1.0,1.0639743565758406,0.570741974932103,-0.3839320048511601,Expansion,TIGHTENING,2.3,10
2019-07-01,2019-06-28,1.0,1.0,-0.411680198871998,-1.131120118786574,-0.3632211964331482,Contraction,TIGHTENING,2.08,11
2019-08-01,2019-07-31,1.0,1.0,0.4050932022626334,-0.06799211712366043,-0.43682452348203604,Slowdown,TIGHTENING,2.04,11
2019-09-03,2019-08-30,1.0,0.7729236298198111,0.5608907992764546,-0.503083557299386,-0.34301869012094244,Slowdown,EASING,1.95,11
2019-10-01,2019-09-30,1.0,1.0,0.330556749447032,0.7422369483190301,-0.36088073250592867,Expansion,EASING,1.84,11
2019-11-01,2019-10-31,1.0,1.0,0.08603002966836343,-0.31906317259427,-0.2541954203262291,Slowdown,EASING,1.51,11
2019-12-02,2019-11-29,1.0,1.0,0.26124220306401796,-0.2996485962124366,-0.36798591066973074,Slowdown,EASING,1.56,11
2020-01-02,2019-12-31,1.0,1.0,0.10773577607133382,-0.22282097337569817,-0.3764140437254575,Slowdown,EASING,1.52,11
2020-02-03,2020-01-31,1.0,1.0,0.7507925631057267,0.6647625334373632,-0.5022816802527457,Expansion,EASING,1.52,11
2020-03-02,2020-02-28,0.0,0.7351598508091226,1.3851681715502762,1.1239259684862581,-0.455248941451301,Expansion,EASING,1.25,11
2020-04-01,2020-03-31,0.0,0.20674836941827177,-2.3852655022636946,-2.4930012783350284,-0.4086711383299395,Contraction,EASING,0.11,11
2020-05-01,2020-04-30,0.0,0.4713288327193593,-4.870330011402197,-5.621122574507924,-0.3023027689558404,Contraction,EASING,0.09,11
2020-06-01,2020-05-29,1.0,0.8516758473904741,-2.902438003810507,-4.287606175360783,-0.4727046905625958,Contraction,EASING,0.14,11
2020-07-01,2020-06-30,1.0,0.6345916880100336,0.5312724752373363,2.916537977501031,-1.0045029777756103,Expansion,EASING,0.16,11
2020-08-03,2020-07-31,1.0,1.0,0.8713306992595565,5.741660710661753,-1.0026216250205593,Expansion,EASING,0.09,11
2020-09-01,2020-08-31,1.0,1.0,0.6801131668432169,3.582551170653724,-1.0295480880649004,Expansion,EASING,0.11,11
2020-10-01,2020-09-30,1.0,0.7696796598814534,0.9204192141298405,0.3891467388925042,-0.7856633036902743,Expansion,EASING,0.1,11
2020-11-02,2020-10-30,1.0,0.9110174079758621,1.3000688639337838,0.4287381646742273,-0.6068961530680133,Expansion,EASING,0.09,11
2020-12-01,2020-11-30,1.0,1.0,0.9296645283392283,0.24955136149601143,-0.5203084535923646,Expansion,EASING,0.08,11
2021-01-04,2020-12-31,1.0,1.0,0.6147699159173025,-0.30564929821253806,-0.5782673895489792,Slowdown,EASING,0.09,11
2021-02-01,2021-01-29,1.0,1.0,1.023278404311379,-0.2767904596224049,-0.546478115513203,Slowdown,EASING,0.06,11
2021-03-01,2021-02-26,1.0,1.0,1.1999712066837402,0.27030667834451194,-0.4912099077855041,Expansion,EASING,0.04,11
2021-04-01,2021-03-31,1.0,1.0,1.993356031023718,1.3785861151064154,-0.410632780579288,Expansion,EASING,0.03,11
2021-05-03,2021-04-30,1.0,1.0,2.294002196759273,1.2707237924478942,-0.3535636179579953,Expansion,EASING,0.01,11
2021-06-01,2021-05-28,1.0,1.0,2.143372825697427,0.9434016190136869,0.13414634146340543,Expansion,EASING,0.01,11
2021-07-01,2021-06-30,1.0,1.0,1.6409456637215987,-0.3524103673021193,1.0682787914816823,Slowdown,EASING,0.05,11
2021-08-02,2021-07-30,1.0,1.0,1.904123139532481,-0.3898790572267923,1.4357579356717238,Slowdown,EASING,0.06,11
2021-09-01,2021-08-31,1.0,1.0,1.0164474213043249,-1.1269254043931023,1.78424903170278,Slowdown,EASING,0.04,11
2021-10-01,2021-09-30,1.0,1.0,1.4484818962795887,-0.19246376744201,1.844211288677979,Slowdown,EASING,0.04,11
2021-11-01,2021-10-29,1.0,1.0,1.1471678575373334,-0.7569552819951475,1.8928954894862366,Slowdown,EASING,0.05,11
2021-12-01,2021-11-30,1.0,1.0,1.6409067274129612,0.6244593061086363,1.9256237548619621,Overheat,EASING,0.05,11
2022-01-03,2021-12-31,1.0,1.0,1.2774880975114151,-0.17099379876817355,2.3712739439089265,Slowdown,EASING,0.06,11
2022-02-01,2022-01-31,1.0,1.0,0.6474229624715281,-0.49974489506580533,2.7971213484210073,Slowdown,EASING,0.24,11
2022-03-01,2022-02-28,0.0,0.7808774447838359,0.5478897188838047,-1.0930170085291566,3.0842335876709166,Slowdown,EASING,0.37,11
2022-04-01,2022-03-31,1.0,0.8167299221180532,0.596402903662708,-0.6810851938487071,3.325521814482692,Slowdown,TIGHTENING,0.51,11
2022-05-02,2022-04-29,0.0,0.7582616231399459,0.8416040725479795,0.19418111007645145,3.568656926762805,Overheat,TIGHTENING,0.83,11
2022-06-01,2022-05-31,0.0,0.5991302790065998,-0.12962492481435245,-0.6775146436981572,3.560286342581766,Contraction,TIGHTENING,1.13,11
2022-07-01,2022-06-30,0.0,0.6326522734866042,-0.3917967071599775,-0.9881996108226855,3.288716474561128,Contraction,TIGHTENING,1.66,11
2022-08-01,2022-07-29,0.0,0.9892776007234864,-0.5443856807264668,-1.3859897532744463,3.1690449953236017,Contraction,TIGHTENING,2.34,11
2022-09-01,2022-08-31,0.0,0.931707960466733,-0.8014827720620054,-0.6718578472476529,3.2993862995521557,Contraction,TIGHTENING,2.87,11
2022-10-03,2022-09-30,0.0,0.7835024196915845,-0.7032220958751045,-0.31142538871512704,3.2188196859714875,Contraction,TIGHTENING,3.22,11
2022-11-01,2022-10-31,0.0,0.6812175793871686,-0.8562302310335707,-0.3118445503071039,3.403329065300899,Contraction,TIGHTENING,4.06,11
2022-12-01,2022-11-30,1.0,0.6871548319187638,-0.769830975542701,0.03165179651930439,3.640449848468254,Recovery,TIGHTENING,4.27,11
2023-01-03,2022-12-30,0.0,1.0,-0.8252903940493677,-0.12206829817426312,3.5094942743759034,Contraction,TIGHTENING,4.3,11
2023-02-01,2023-01-31,1.0,1.0,-0.8703703010962993,-0.01414007006272866,3.2850340197522216,Contraction,TIGHTENING,4.58,11
2023-03-01,2023-02-28,1.0,1.0,-0.9278101810123968,-0.1579792054696958,3.0709920920201323,Contraction,TIGHTENING,4.72,11
2023-04-03,2023-03-31,1.0,1.0,-1.0130712135342306,-0.18778081948486292,3.0016991289728363,Contraction,TIGHTENING,4.68,11
2023-05-01,2023-04-28,1.0,1.0,-0.7941591550003935,0.07621114609590585,2.861964009184616,Recovery,TIGHTENING,4.95,11
2023-06-01,2023-05-31,1.0,1.0,-1.1791928805498648,-0.25138269953746806,2.8649463242529167,Contraction,TIGHTENING,5.26,11
2023-07-03,2023-06-30,1.0,1.0,-0.5112699829398332,0.5018012305943974,2.8534167417696006,Recovery,TIGHTENING,5.17,11
2023-08-01,2023-07-31,1.0,1.0,-0.8479610738979133,-0.05380191889751984,2.8339805055868323,Contraction,TIGHTENING,5.28,11
2023-09-01,2023-08-31,1.0,1.0,-0.43076090527116184,0.748431975278703,2.4428692692062066,Recovery,TIGHTENING,5.32,11
2023-10-02,2023-09-29,1.0,1.0,-0.7193812501003859,-0.20811126716055273,2.236075982487053,Contraction,TIGHTENING,5.32,11
2023-11-01,2023-10-31,0.0,1.0,-0.7546866172388548,0.09327445665905854,1.8300013883104223,Recovery,TIGHTENING,5.33,11
2023-12-01,2023-11-30,1.0,1.0,-0.5545992945530824,-0.12383838928192059,1.7381077881565972,Contraction,TIGHTENING,5.25,11
2024-01-02,2023-12-29,1.0,1.0,-0.5954267494832857,0.12395450061710023,1.558948582445387,Recovery,TIGHTENING,5.2,11
2024-02-01,2024-01-31,1.0,1.0,-1.3355199038240517,-0.580833286585197,1.4371781668383283,Contraction,TIGHTENING,5.22,11
2024-03-01,2024-02-29,1.0,1.0,-0.37038976339037544,0.184209531162707,1.2251994902628311,Recovery,TIGHTENING,5.25,11
2024-04-01,2024-03-28,1.0,1.0,-0.2809180214092588,0.31450872807402686,1.224460247838845,Recovery,TIGHTENING,5.23,11
2024-05-01,2024-04-30,1.0,1.0,-0.2859449597610078,1.049574944063044,1.1784426055590842,Recovery,TIGHTENING,5.25,11
2024-06-03,2024-05-31,1.0,1.0,-0.3011861315477749,0.06920363184260053,1.1455260154698017,Recovery,TIGHTENING,5.25,11
2024-07-01,2024-06-28,1.0,1.0,-0.31311335272852875,-0.03219533131926994,1.0175864364503369,Contraction,TIGHTENING,5.22,11
2024-08-01,2024-07-31,1.0,1.0,-0.431207383833406,-0.1452624240723982,0.8094842139743559,Contraction,TIGHTENING,5.15,11
2024-09-03,2024-08-30,1.0,0.9921038975561532,-0.20507237012612378,0.09611376142165112,0.7792207792207924,Recovery,TIGHTENING,4.98,11
2024-10-01,2024-09-30,1.0,1.0,-0.08568636491289398,0.22742698781563475,0.8088524452997587,Recovery,EASING,4.52,11
2024-11-01,2024-10-31,1.0,1.0,-0.17514993530574374,0.25605744852766227,0.9023415954939846,Recovery,EASING,4.44,11
2024-12-02,2024-11-29,1.0,1.0,0.28484423913482004,0.4899166092609438,0.8395791858595754,Overheat,EASING,4.39,11
2025-01-02,2024-12-31,1.0,1.0,-0.0674903295359717,0.018196035376922284,0.9047298476575278,Recovery,EASING,4.23,11
2025-02-03,2025-01-31,1.0,1.0,0.7006541616605803,0.875804096966324,0.8740925119269845,Overheat,EASING,4.2,11
2025-03-03,2025-02-28,1.0,1.0,0.20197389171127186,-0.08287034742354818,0.9032097701625625,Slowdown,EASING,4.2,11
2025-04-01,2025-03-31,0.0,0.89598774443554,-0.385853814765131,-0.31836348522915925,0.8118579879703898,Contraction,EASING,4.21,11
2025-05-01,2025-04-30,0.0,0.36132833190725344,-0.9841312123549436,-1.6847853740155239,0.8230649008801567,Contraction,EASING,4.2,11
2025-06-02,2025-05-30,1.0,1.0,-0.3952770480318233,-0.5972509397430952,0.5635982166273275,Contraction,EASING,4.25,11
2025-07-01,2025-06-30,1.0,1.0,-0.5265035177495673,-0.1406497029844363,0.6764388312665588,Contraction,EASING,4.24,11
2025-08-01,2025-07-31,1.0,1.0,0.29291448603690345,1.277045698391847,0.7874450598826872,Overheat,EASING,4.24,11
2025-09-02,2025-08-29,1.0,1.0,0.1690243526107296,0.5643014006425529,0.8255358001744613,Overheat,EASING,4.05,11
2025-10-01,2025-09-30,1.0,1.0,0.08065911810799026,0.6071626358575575,0.8411680447945731,Overheat,EASING,3.86,11
2025-11-03,2025-10-31,1.0,1.0,-0.10574845533671433,-0.3986629413736178,0.8513420229828945,Contraction,EASING,3.73,11
2025-12-01,2025-11-28,1.0,1.0,0.1158366850581658,-0.053187667552563794,0.8170611200207363,Slowdown,EASING,3.73,11
2026-01-02,2025-12-31,1.0,1.0,-0.41923088715299706,-0.4998900052609873,0.7048200555663371,Contraction,EASING,3.57,11
2026-02-02,2026-01-30,1.0,1.0,0.37199295991922127,0.4777414152559356,0.7212091395204308,Overheat,EASING,3.58,11
2026-03-02,2026-02-27,1.0,1.0,0.45271963200112153,0.33688294694295573,0.8720269247491936,Overheat,EASING,3.59,11
2026-04-01,2026-03-31,0.0,1.0,0.3298882241479448,0.7491191113009419,0.9379900328226904,Overheat,EASING,3.61,11
2026-05-01,2026-04-30,1.0,1.0,0.6841490347727955,0.3121560748535743,0.9591526535575507,Overheat,EASING,3.59,11
2026-06-01,2026-05-29,1.0,1.0,0.39945651550363187,-0.05326311649748966,1.1052227833535673,Slowdown,EASING,3.6,11
2026-07-01,2026-06-30,1.0,1.0,0.30846053106089516,-0.021427693087049615,1.0838724068704026,Slowdown,EASING,3.74,11
2026-08-03,2026-07-31,1.0,1.0,1.1028325531009247,0.4186835183281291,1.1617097712568931,Overheat,EASING,3.69,11
2026-09-01,2026-08-31,1.0,1.0,1.470321829706017,1.0708653142023852,1.041234252733216,Overheat,EASING,3.78,11
2026-10-01,2026-09-30,1.0,1.0,0.9961916252434008,0.6877310941825057,0.9834682620703878,Overheat,TIGHTENING,4.03,11
