,XLB,XLC,XLE,XLF,XLI,XLK,XLP,XLRE,XLU,XLV,XLY
2000-01-03,0.1043007443859336,,0.11038989978190002,0.09993081835908427,0.1348673750940462,0.16111111111111112,0.08878149649324525,,0.0934014831559752,0.10381135058482055,0.10340572103388389
2000-02-01,0.0532683182689613,,0.05277850566119964,0.044074822725186036,0.05173370054144644,0.05836728775652518,0.051132433151294794,,0.05496006899054413,0.06046208900250694,0.048457036929309596
2000-03-01,0.07180691155679021,,0.0804180398301288,0.06515933483036587,0.07265555375658075,0.09001760761864352,0.07890447412614165,,0.08388390582731173,0.08961871046813819,0.0669513603619136
2000-04-03,0.06175835425339195,,0.0652721435740738,0.0569027965090448,0.0808086755802214,0.09646723079772629,0.0551540613400536,,0.060154098457049505,0.0629980326777201,0.05924672900350247
2000-05-01,0.045384973511051425,,0.050277448691262216,0.046920664553830996,0.049585915909763856,0.06515195200188093,0.05705260344026395,,0.05949828280322961,0.06264287341678498,0.04898055317578023
2000-06-01,0.059625869307386954,,0.06639442587963602,0.0630804740882756,0.06644329889617963,0.0861047393217004,0.07483114376461193,,0.07912153926627088,0.08354353735722464,0.0648726558531439
2000-07-03,0.08581047475706848,,0.11978801048092678,0.09963172014991911,0.1024736961509817,0.1254753267533326,0.12180745905215921,,0.12228002393908013,0.12892281908082298,0.09381046963570909
2000-08-01,0.07802901518930427,,0.1005665295749166,0.09348188209811244,0.09433230850616524,0.12104899007757997,0.12061029751438836,,0.11151536363284327,0.12130790941077738,0.08987784900138727
2000-09-01,0.08248173281779828,,0.10495760764956905,0.11502441133391304,0.13066325143161361,0.15634605708903537,0.10000540487188941,,0.09922959618642584,0.11052103485357537,0.10077090376618013
2000-10-02,0.0,,0.0,0.0,0.0,0.0,0.0,,0.0,0.0,0.0
2000-11-01,0.0,,0.0,0.0,0.0,0.0,0.0,,0.0,0.0,0.0
2000-12-01,0.0,,0.0,0.0,0.0,0.0,0.0,,0.0,0.0,0.0
2001-01-02,0.0,,0.0,0.0,0.0,0.0,0.0,,0.0,0.0,0.0
2001-02-01,0.0,,0.0,0.0,0.0,0.0,0.0,,0.0,0.0,0.0
2001-03-01,0.0,,0.0,0.0,0.0,0.0,0.0,,0.0,0.0,0.0
2001-04-02,0.0,,0.0,0.0,0.0,0.0,0.0,,0.0,0.0,0.0
2001-05-01,0.0,,0.0,0.0,0.0,0.0,0.0,,0.0,0.0,0.0
2001-06-01,0.0,,0.0,0.0,0.0,0.0,0.0,,0.0,0.0,0.0
2001-07-02,0.0,,0.0,0.0,0.0,0.0,0.0,,0.0,0.0,0.0
2001-08-01,0.0,,0.0,0.0,0.0,0.0,0.0,,0.0,0.0,0.0
2001-09-04,0.0,,0.0,0.0,0.0,0.0,0.0,,0.0,0.0,0.0
2001-10-01,0.0,,0.0,0.0,0.0,0.0,0.0,,0.0,0.0,0.0
2001-11-01,0.0,,0.0,0.0,0.0,0.0,0.0,,0.0,0.0,0.0
2001-12-03,0.0,,0.0,0.0,0.0,0.0,0.0,,0.0,0.0,0.0
2002-01-02,0.0,,0.0,0.0,0.0,0.0,0.0,,0.0,0.0,0.0
2002-02-01,0.0,,0.0,0.0,0.0,0.0,0.0,,0.0,0.0,0.0
2002-03-01,0.0,,0.0,0.0,0.0,0.0,0.0,,0.0,0.0,0.0
2002-04-01,0.12320804057054001,,0.09230028483506011,0.10222392472567435,0.13392062043632377,0.11568855773652269,0.11035456836797719,,0.09246269099672505,0.10967939884493699,0.12016191348623978
2002-05-01,0.0,,0.0,0.0,0.0,0.0,0.0,,0.0,0.0,0.0
2002-06-03,0.0,,0.0,0.0,0.0,0.0,0.0,,0.0,0.0,0.0
2002-07-01,0.0,,0.0,0.0,0.0,0.0,0.0,,0.0,0.0,0.0
2002-08-01,0.0,,0.0,0.0,0.0,0.0,0.0,,0.0,0.0,0.0
2002-09-03,0.0,,0.0,0.0,0.0,0.0,0.0,,0.0,0.0,0.0
2002-10-01,0.0,,0.0,0.0,0.0,0.0,0.0,,0.0,0.0,0.0
2002-11-01,0.0,,0.0,0.0,0.0,0.0,0.0,,0.0,0.0,0.0
2002-12-02,0.0,,0.0,0.0,0.0,0.0,0.0,,0.0,0.0,0.0
2003-01-02,0.0,,0.0,0.0,0.0,0.0,0.0,,0.0,0.0,0.0
2003-02-03,0.0,,0.0,0.0,0.0,0.0,0.0,,0.0,0.0,0.0
2003-03-03,0.0,,0.0,0.0,0.0,0.0,0.0,,0.0,0.0,0.0
2003-04-01,0.0,,0.0,0.0,0.0,0.0,0.0,,0.0,0.0,0.0
2003-05-01,0.11285654654195466,,0.10989300036817326,0.10582700847687615,0.09981897608139052,0.0952727121543586,0.12390864885572943,,0.08952178756779085,0.15985417706577099,0.10210467979890306
2003-06-02,0.10514396895826034,,0.09524775775645421,0.14027906288070885,0.12714910907342566,0.10314318892970757,0.08449989576132161,,0.08728302455385992,0.1232092786494535,0.13404471343680846
2003-07-01,0.09077059924208829,,0.10035645870509795,0.11020079784796917,0.12517449643660014,0.15715555795745084,0.0930812576794048,,0.09815382489795442,0.11814672986014148,0.10696027737329301
2003-08-01,0.09592327494232264,,0.10605456956214776,0.1059327692141455,0.12025633347555491,0.1540618658294082,0.08402356741390221,,0.111349280604017,0.10916196623776712,0.11323637272073474
2003-09-02,0.11079785484620405,,0.0977165774140312,0.10990755800643508,0.13011503061385507,0.1579348953234325,0.08620247924326839,,0.09291459548550868,0.10442670742517493,0.10998430164209004
2003-10-01,0.11170355804500197,,0.10007551166205467,0.10508073438609189,0.13356986886023484,0.1603361686897951,0.08879714766223847,,0.09828401136371923,0.09351829118665075,0.1086347081442132
2003-11-03,0.11208806262579428,,0.10339521956373142,0.10507074900895844,0.1341875100418118,0.14783420667747915,0.08281697172939609,,0.12069214047742301,0.08923644843684207,0.10467869143856369
2003-12-01,0.10952085246314036,,0.09682729476775313,0.11296269791489016,0.1373110599331772,0.1344211122874734,0.09255201410357292,,0.12045019492050593,0.08079419518002093,0.11516057842946595
2004-01-02,0.11040367744138842,,0.09222713568953841,0.10999198934344738,0.13681151313616158,0.15093313675361458,0.08958980549035041,,0.101960824430607,0.0888218554896664,0.11926006222522591
2004-02-02,0.11885152617788039,,0.10135858000479275,0.10486806174679687,0.14129515080135144,0.1442851870214756,0.08569797770854655,,0.10187624650298509,0.08594780913427866,0.11581946090189275
2004-03-01,0.11221033341735927,,0.09557187304580808,0.11081276481546556,0.1417341965570057,0.14703772883679037,0.08419562804791587,,0.1093675447308561,0.08716048502598037,0.1119094455228188
2004-04-01,0.11854951660263428,,0.1015622460924526,0.1157578852219551,0.13692886422673287,0.14363122025984543,0.09009357223698955,,0.1023865065376499,0.0811789640350675,0.10991122478667273
2004-05-03,0.11450286491494921,,0.11789911759866167,0.10664471866178474,0.1011988972227789,0.109460777234471,0.1201326523988408,,0.12757169019257691,0.10015257015822154,0.10243671161771516
2004-06-01,0.11655943016284726,,0.11924588941837133,0.10130498623198671,0.11346307941719563,0.09726797041299304,0.12762813758449054,,0.10835500811998008,0.11160150423620381,0.10457399441593156
2004-07-01,0.11740126577939358,,0.11741445662777349,0.1041841633156881,0.11151493656445764,0.10518072108656237,0.12410193207961243,,0.11235775371851629,0.10573004293531602,0.10211472789268002
2004-08-02,0.10637915801372927,,0.12939875999959852,0.0946047663504421,0.11149167816606634,0.10113004312803611,0.12324620993115089,,0.12725553978246434,0.10972125410829589,0.09677259052021647
2004-09-01,0.0,,0.0,0.0,0.0,0.0,0.0,,0.0,0.0,0.0
2004-10-01,0.11270714986240622,,0.1267728389657932,0.1021828782859823,0.10929485875394793,0.08534741358317827,0.12175426060812265,,0.13002591276071013,0.11581888704470358,0.09609580013515566
2004-11-01,0.10680968054514557,,0.13188279850089876,0.09775489040332516,0.10591723384125881,0.09009127400314476,0.11983271995407342,,0.13197559513254703,0.12020901706097324,0.0955267905586332
2004-12-01,0.1033741394216815,,0.13128653495760062,0.09836712073487935,0.10471658798682087,0.09238714335193872,0.11915752635090698,,0.13642509422550358,0.11615863853845972,0.09812721443220859
2005-01-03,0.10545031220777111,,0.1318075125338214,0.0998001403964679,0.13676070663168136,0.1245614023754159,0.09705231938863622,,0.1142471301410061,0.08910736860473911,0.10121310772046103
2005-02-01,0.10994309252056078,,0.1248745916366573,0.0960498520004489,0.10730060411340624,0.08868950613186571,0.12141164827289552,,0.13781133665913714,0.1103325962207596,0.10358677244426875
2005-03-01,0.1056823455451623,,0.1273822940130428,0.097465336763676,0.1393836005814712,0.12128747532438826,0.09851064621964042,,0.11916021230141048,0.08887297915001786,0.10225511010119076
2005-04-01,0.1079516620710497,,0.13116066343001515,0.09406113415746427,0.10497484296409784,0.09276538947224819,0.11947578607948842,,0.1343684581173237,0.11825338860927172,0.096988675099041
2005-05-02,0.11194893066456711,,0.12942339167908307,0.09635260016880026,0.1353266862229811,0.1244445869963157,0.09458832684518972,,0.11680117745650755,0.09227313119893324,0.09884116876762235
2005-06-01,0.10392268941352285,,0.12609114411646555,0.0959207472632032,0.10272562517490566,0.09086571611363757,0.11992672421847202,,0.14584702447517298,0.12095164262784171,0.0937486865967786
2005-07-01,0.09821002824307258,,0.12653966913499853,0.09702874038097721,0.0996434856652056,0.09227949715938043,0.12006413573000485,,0.14734256030966592,0.12119846064267845,0.09769342273401653
2005-08-01,0.09548804852289247,,0.12633185499719737,0.09745028082541535,0.09670898906472851,0.09439463393944034,0.12027633164271932,,0.14797959687004197,0.12323896015766654,0.09813130397989807
2005-09-01,0.09828136069565525,,0.1328778244575915,0.09523260025138569,0.1277297525773234,0.13152782249400913,0.09599132755864258,,0.11772138972324313,0.0979821104730767,0.10265581176907274
2005-10-03,0.09367014682139518,,0.13143250498961745,0.09719432929120274,0.12623474697561454,0.1304892175685071,0.0993976602166395,,0.12023053300290931,0.10186513882475938,0.09948572230935489
2005-11-01,0.09440639233972507,,0.1312367053156426,0.09641681279225392,0.09725051997861067,0.09725468497346276,0.12363556002976459,,0.14023972274339824,0.12649754921063158,0.09306205261651052
2005-12-01,0.09124864221761804,,0.12929087475024562,0.1019506498305074,0.09519314756767867,0.0954232646303105,0.1270163618896448,,0.14034109579449805,0.12869848250315682,0.09083748081634005
2006-01-03,0.0988155906534765,,0.13483021621341995,0.10374477640297212,0.12822788221336645,0.12879726078574058,0.10033113459166919,,0.11282963484480814,0.10046467634432786,0.09195882795021915
2006-02-01,0.10229634117169763,,0.13486555560358704,0.10366348229310016,0.12873030414576853,0.12864931904572643,0.0957019789297698,,0.10991867257469219,0.10514629542572955,0.09102805080992862
2006-03-01,0.09825223579102607,,0.13464107954113724,0.10575057103873522,0.12719561377884975,0.13253252194532186,0.09525454243092281,,0.11085293044777952,0.10291115533070856,0.09260934969551911
2006-04-03,0.09460325173018153,,0.12776668825400125,0.11670096393564468,0.1288064270451937,0.13487041107817752,0.0925383532606243,,0.11208406662978464,0.10365367112292921,0.08897616694346315
2006-05-01,0.10930823361215707,,0.1317408929749783,0.10800998961523162,0.13632751963697037,0.13757533512840325,0.09330539418420185,,0.09360410997198748,0.09216620494947274,0.09796231992659744
2006-06-01,0.11478780281070536,,0.13087569491789647,0.11017948644084306,0.13568085977105565,0.12842171546212822,0.09517891296933309,,0.0986934711204499,0.09102233196110908,0.09515972454647914
2006-07-03,0.11670248625861117,,0.12386765366388783,0.10637082946837866,0.11201295041770531,0.09360244215347224,0.12301234008604006,,0.11864049544418356,0.11255915467825453,0.09323164782946657
2006-08-01,0.11484497472212972,,0.12311367428699861,0.10868926143985459,0.11162563853854215,0.08950299751618661,0.1258701921295741,,0.12324513696100706,0.11354438249550941,0.08956374191019784
2006-09-01,0.11537309896477756,,0.11820452753349554,0.11470508934473658,0.10483297436277457,0.08376439443486557,0.12964179998973235,,0.1278561890566069,0.11925153894376742,0.08637038736924361
2006-10-02,0.12450683094204816,,0.09506799563106397,0.11872570831543441,0.10293244370272768,0.08930283524839021,0.13476654780903607,,0.12310975426957489,0.12229102792244058,0.089296856159284
2006-11-01,0.12477898548943424,,0.09576540365680489,0.1194948498151395,0.10899230685959437,0.08652813448715128,0.12472547459529035,,0.12410668058863415,0.12004337813298138,0.09556478637496978
2006-12-01,0.11457696674406566,,0.10713335122007318,0.10672650388691741,0.09567122554018767,0.07919179638661153,0.1279967038163793,,0.1462914799475748,0.11687041714242098,0.1055415553157694
2007-01-03,0.11042674961554429,,0.12076009813918623,0.10229594131331335,0.09797747280366226,0.09745776140797809,0.11958213142405455,,0.14142811676349645,0.10424568447985104,0.10582604405291385
2007-02-01,0.10444422049016766,,0.08132371524361846,0.11594759914503382,0.10507796657321151,0.0941754396041986,0.132650984244217,,0.141387263179932,0.11255107351648813,0.1124417380031328
2007-03-01,0.12230716929152594,,0.09872232681454629,0.11115073110998115,0.125899577939675,0.12092516450427084,0.10855856849595631,,0.11004108123025501,0.08392386810825167,0.11847151250553775
2007-04-02,0.14246445428628607,,0.1223822030673204,0.10550684282686718,0.09479939607711341,0.09311533356686759,0.10605046412164816,,0.13136148277591525,0.09547989824646055,0.10883992503152135
2007-05-01,0.1397088822602916,,0.12463551080691931,0.09705441074766061,0.09280562856247765,0.09730602700620881,0.10772866957482576,,0.13402571008752612,0.1014112369445315,0.10532392400955873
2007-06-01,0.10933537965827309,,0.09526965781877511,0.0958586040157577,0.08754300092198469,0.10433805992525494,0.12304955949939332,,0.15644249909607238,0.12984767487801857,0.09831556418647011
2007-07-02,0.11975337116862048,,0.10126333527574123,0.09618142970757099,0.12036369466925234,0.14228670245017142,0.09002612085285956,,0.12603909275204017,0.10405476803985496,0.10003148508388897
2007-08-01,0.12233683592102233,,0.09945128186685247,0.08841214428706501,0.13537906408567713,0.14437279253503102,0.0892253121695985,,0.10148687457569608,0.0893269124616356,0.10532281232353621
2007-09-04,0.08439926237065012,,0.08336958852368329,0.061061608108011325,0.08228234098707678,0.07986633696454026,0.08313947705457678,,0.08973163183675648,0.08225151935496228,0.07254542422656224
2007-10-01,0.11592740573033296,,0.12302396961706495,0.08461229026591845,0.10880395086566323,0.10806037240075608,0.11963886145507067,,0.1293960787719785,0.11640054878133416,0.09413652211188106
2007-11-01,0.11596143443921055,,0.12362716349364776,0.08661636855835811,0.10962425606392902,0.10651467578027786,0.12318135230861232,,0.12693266029144967,0.12032155821057901,0.08722053085393565
2007-12-03,0.07456251579933101,,0.07473991655186345,0.052978214505455035,0.06730064623271888,0.07023618207169158,0.08030890872129695,,0.08412329758202244,0.07798949794442141,0.05385172345159193
2008-01-02,0.0,,0.0,0.0,0.0,0.0,0.0,,0.0,0.0,0.0
2008-02-01,0.0,,0.0,0.0,0.0,0.0,0.0,,0.0,0.0,0.0
2008-03-03,0.0,,0.0,0.0,0.0,0.0,0.0,,0.0,0.0,0.0
2008-04-01,0.0,,0.0,0.0,0.0,0.0,0.0,,0.0,0.0,0.0
2008-05-01,0.0,,0.0,0.0,0.0,0.0,0.0,,0.0,0.0,0.0
2008-06-02,0.0,,0.0,0.0,0.0,0.0,0.0,,0.0,0.0,0.0
2008-07-01,0.0,,0.0,0.0,0.0,0.0,0.0,,0.0,0.0,0.0
2008-08-01,0.0,,0.0,0.0,0.0,0.0,0.0,,0.0,0.0,0.0
2008-09-02,0.0,,0.0,0.0,0.0,0.0,0.0,,0.0,0.0,0.0
2008-10-01,0.0,,0.0,0.0,0.0,0.0,0.0,,0.0,0.0,0.0
2008-11-03,0.0,,0.0,0.0,0.0,0.0,0.0,,0.0,0.0,0.0
2008-12-01,0.0,,0.0,0.0,0.0,0.0,0.0,,0.0,0.0,0.0
2009-01-02,0.0,,0.0,0.0,0.0,0.0,0.0,,0.0,0.0,0.0
2009-02-02,0.0,,0.0,0.0,0.0,0.0,0.0,,0.0,0.0,0.0
2009-03-02,0.0,,0.0,0.0,0.0,0.0,0.0,,0.0,0.0,0.0
2009-04-01,0.0,,0.0,0.0,0.0,0.0,0.0,,0.0,0.0,0.0
2009-05-01,0.0,,0.0,0.0,0.0,0.0,0.0,,0.0,0.0,0.0
2009-06-01,0.0,,0.0,0.0,0.0,0.0,0.0,,0.0,0.0,0.0
2009-07-01,0.09513979625392388,,0.08636059227796679,0.1151935262290829,0.12141466117092813,0.1085183037298598,0.12043826423054724,,0.09659511214975267,0.11764479710478132,0.13869494685315745
2009-08-03,0.09118832431311841,,0.09118803275426157,0.10604028174191754,0.11610951836370398,0.11123815300072602,0.11517791427715332,,0.10368882032910685,0.11261651580163315,0.13534773171632383
2009-09-01,0.10066178507294207,,0.09241531637276033,0.08476155424707152,0.12190359265751188,0.14555088543559322,0.11913696297423945,,0.10693494826525678,0.11610851659007589,0.11252643838454893
2009-10-01,0.1067956908668441,,0.09260776834057398,0.08352737507029899,0.12290591451667163,0.1519588597352202,0.10765240837950997,,0.10635875552865451,0.11525056573815434,0.11294266182407238
2009-11-02,0.11841889690106383,,0.09756406082506938,0.08751006842411671,0.1271157426581949,0.15337169713804794,0.09978678202329173,,0.09641496113655455,0.1017307022868797,0.11748874875844083
2009-12-01,0.11651430063353103,,0.09861771389028189,0.10119567624191973,0.12776876206164142,0.15213325193498667,0.09704510804103596,,0.08536742002618748,0.10158810671682963,0.11976966045358627
2010-01-04,0.12213202427989822,,0.09923469726946671,0.09787184751363716,0.09859879850132289,0.12013695097994485,0.11845769215874347,,0.1103860844370659,0.1211158988095596,0.11206600605036125
2010-02-01,0.11585048621147186,,0.09304166522954475,0.11542083202511874,0.10235304491177426,0.11513667243273025,0.11752346579570792,,0.11039516403143718,0.11614589300785844,0.11413277635435667
2010-03-01,0.1071926255802599,,0.09340765350869625,0.12568212849724397,0.11054020380250709,0.10257292001422974,0.11690630056629309,,0.11060786070758594,0.12063100392822469,0.11245930339495942
2010-04-01,0.10573777244333522,,0.09823162805181831,0.12471614446314698,0.14595563405411943,0.13142487578491216,0.09594383198444158,,0.08570077888488531,0.09625836612317709,0.116030968210164
2010-05-03,0.10268291077115713,,0.09435247460227092,0.12384907008146376,0.14696683944804648,0.1329874539356746,0.0977514408878144,,0.08362264244643755,0.1038527735219124,0.11393439430522273
2010-06-01,0.06384390388882832,,0.05810718896584522,0.06807135020953338,0.094697897325302,0.08626253760296076,0.0611478080211432,,0.05844178947766664,0.06040023817696397,0.0798425803103907
2010-07-01,0.0,,0.0,0.0,0.0,0.0,0.0,,0.0,0.0,0.0
2010-08-02,0.08909100360568838,,0.09076600883093068,0.10463203789170224,0.12303347097038522,0.10028276625916699,0.1288831151359715,,0.11924767869795402,0.1216243868638508,0.12243953174435013
2010-09-01,0.0,,0.0,0.0,0.0,0.0,0.0,,0.0,0.0,0.0
2010-10-01,0.10080438117697578,,0.09056913790831055,0.08140819851747438,0.1144694285705515,0.09813917371221621,0.13478260016754687,,0.13898826309659223,0.12163735840156455,0.11920145844876803
2010-11-01,0.10713891322651095,,0.08900596967238028,0.08882606966731822,0.15168810477538103,0.13228937309053518,0.10053830344958047,,0.10686049232995162,0.10011594847445127,0.12353682531389094
2010-12-01,0.10395375721203068,,0.09667254719623478,0.08711419006988275,0.1466791423719427,0.1371314427075044,0.10376698263183923,,0.10477980225579311,0.09238228432158398,0.1275198512331883
2011-01-03,0.10606188271524977,,0.10893561289932902,0.09281761501417723,0.14905520192758412,0.12811672311510178,0.10516679255951286,,0.09446366705008491,0.08917547842369974,0.1262070262952605
2011-02-01,0.11855142015018551,,0.11309645024350257,0.09668641116186813,0.14424867421883622,0.13485256166556506,0.09825313204171805,,0.09308331143111194,0.08351279719005862,0.117715241897154
2011-03-01,0.11425295881232912,,0.12217978793899728,0.0969688501704077,0.14471447494612105,0.1363819749099727,0.09302439885754968,,0.09773191490123212,0.08406777115191263,0.11067786831147766
2011-04-01,0.10938478795567297,,0.13099618785115763,0.09312287760908212,0.13782299347219243,0.1330156156608246,0.09596087973295564,,0.09948253239922777,0.08928917126438518,0.11092495405450162
2011-05-02,0.11417127765818132,,0.13183332293955838,0.08828766899157908,0.13706601929470574,0.13053194429855253,0.10011282734273616,,0.09720118231852637,0.09739309525209773,0.10340266190406264
2011-06-01,0.1122190175868536,,0.12947503744983768,0.08609740500842836,0.10755823581580906,0.09921146316553563,0.1218842699963482,,0.1189596031411136,0.12337355251071686,0.10122141532535694
2011-07-01,0.11501050419235341,,0.12780605691360308,0.08550618368686896,0.10949774310707365,0.10122212816878648,0.12790925124608993,,0.0937298814318729,0.1284280676311098,0.11089018362224189
2011-08-01,0.10993002882936902,,0.12753996752029942,0.08331474584243316,0.10717823379099907,0.09944290881921676,0.1279468561272903,,0.09462311649981607,0.13730574328599937,0.11271839928457698
2011-09-01,0.0,,0.0,0.0,0.0,0.0,0.0,,0.0,0.0,0.0
2011-10-03,0.0,,0.0,0.0,0.0,0.0,0.0,,0.0,0.0,0.0
2011-11-01,0.0,,0.0,0.0,0.0,0.0,0.0,,0.0,0.0,0.0
2011-12-01,0.0,,0.0,0.0,0.0,0.0,0.0,,0.0,0.0,0.0
2012-01-03,0.0,,0.0,0.0,0.0,0.0,0.0,,0.0,0.0,0.0
2012-02-01,0.09258759540312793,,0.09943803405059069,0.08427357089743669,0.12700697727555615,0.13124427426136248,0.11901240094324832,,0.1214020326651829,0.11503813121813299,0.1099969832853618
2012-03-01,0.09743975753436053,,0.0911990101739035,0.08276516064402419,0.13063566171870575,0.13496056447348911,0.11633611464697137,,0.11843613976810427,0.11751900230361108,0.11070858873683015
2012-04-02,0.09052212080112176,,0.09181304511142523,0.08689124539896838,0.12752689651751134,0.14336080312830435,0.11662382162924616,,0.11570978196040788,0.1131104561548039,0.11444182929821112
2012-05-01,0.08684612192428008,,0.08430760454013907,0.09454625870051932,0.09551242463251566,0.11679908735151268,0.13732552205082668,,0.13572305388381561,0.13426669975861763,0.11467322715777341
2012-06-01,0.08664220826264579,,0.08598506536430982,0.0941730021650754,0.09642492747386809,0.11818152421893333,0.13441261029661125,,0.1356919217890055,0.13009163793311937,0.11839710249643158
2012-07-02,0.08539017205773726,,0.08327671089537085,0.0914220390889966,0.09394444240492278,0.1115666297357408,0.1394082603907601,,0.11215261873997681,0.1311728025030416,0.10993810399780869
2012-08-01,0.09015034312358439,,0.0819985117263008,0.09745129168248362,0.10286581670558004,0.11269283511584861,0.1447496270594051,,0.11643661652978894,0.14201376111687064,0.1116411969401378
2012-09-04,0.08265733678555821,,0.08698705436970323,0.10169781432814082,0.1040775588587084,0.11918681884778984,0.14243381243181336,,0.11019376024737965,0.1402816084546837,0.11248423567622273
2012-10-01,0.1016706008028265,,0.102549225940259,0.1153009228373221,0.1077610484578635,0.11621713532111952,0.1274410258060863,,0.07764169594072846,0.1319808010381682,0.11943754385562637
2012-11-01,0.09005481718498805,,0.08602457980076357,0.13267388949130596,0.1205715557744099,0.11337009861575381,0.10993167514171678,,0.08915769298750555,0.11686408894134101,0.14135160206221545
2012-12-03,0.092651689469272,,0.08710933240545804,0.12552535389780464,0.0984489924625207,0.10563549774392544,0.13341383241338334,,0.09673850403757736,0.14427180304386975,0.1162049945261888
2013-01-02,0.09903992664965135,,0.08738943977556084,0.1433090559082848,0.12508127767286395,0.10671161290147829,0.1022547769565062,,0.08222853807609347,0.11012016858395793,0.1438652034756033
2013-02-01,0.0889468263120516,,0.08798193512230258,0.14690826725685494,0.1219680719725753,0.10011496818663895,0.10816530275265289,,0.0921226999681441,0.11119843885402161,0.14259348957475815
2013-03-01,0.09688776843068721,,0.09143773185078011,0.11984456855550725,0.12937746054443683,0.1161052569549722,0.10912003152641668,,0.09904858711219507,0.12206878609863994,0.11610980892636466
2013-04-01,0.0939641033845178,,0.10267000622175516,0.11018679907070923,0.1349873721703781,0.1068580964074824,0.11388638051209789,,0.10347101310506672,0.12038601711217588,0.11359021201581679
2013-05-01,0.09304576995723968,,0.10093873116627383,0.1141387646746175,0.10481716469813512,0.08125840330093881,0.14184134793031045,,0.10217926999110388,0.1517364684505402,0.11004407983084047
2013-06-03,0.09617024202600649,,0.10576711641118729,0.1239195844188368,0.10058729787767075,0.08341166662274208,0.13332431856772176,,0.09698730323461165,0.14816898975495965,0.11166348108626348
2013-07-01,0.09819286734417901,,0.10665221153218277,0.12478385437376001,0.1365876666964828,0.12081980694037399,0.10019950403064494,,0.08398755522606664,0.11350341584870415,0.11527311800760578
2013-08-01,0.09838424952780503,,0.10022237225310104,0.12369142737423879,0.1369415087672455,0.1194062662655422,0.10037536671011549,,0.08739775107960851,0.11380517129677191,0.11977588672557161
2013-09-03,0.09765031917106919,,0.09870178523199345,0.12227677417716488,0.1383908832610987,0.11378325277561875,0.10199916220714403,,0.09294316832615027,0.11797579456639656,0.11627886028336427
2013-10-01,0.09911987269445025,,0.09990440832398702,0.119638887761389,0.1424991458132862,0.11484955157076333,0.10004984836085659,,0.08975379790595016,0.11680757412116842,0.11737691344814895
2013-11-01,0.10058906846543221,,0.09768041335148088,0.11113980367905842,0.11449314102526123,0.09192611791017588,0.12039313181940335,,0.1063880614615352,0.13786414107655082,0.11952612121110198
2013-12-02,0.0968618275268396,,0.09930805224132719,0.11339069399633388,0.11486402859246934,0.08971126924147366,0.11966190803781311,,0.1090719223529241,0.13954320855163072,0.11758708945918848
2014-01-02,0.09288015362127947,,0.09627526020871499,0.10903248961362456,0.11203334899430185,0.09524845776101495,0.12480822821655989,,0.1074127606154967,0.14419051436861147,0.11811878660039604
2014-02-03,0.10076722100893767,,0.09413569238246984,0.1101943206046505,0.1458234571904945,0.13292971897716363,0.09841092300962799,,0.0818013455603638,0.11536148790023658,0.12057583336605544
2014-03-03,0.10255641977620483,,0.09036905599244531,0.10975299637772569,0.14251637922878874,0.13510339598079135,0.09103243815703028,,0.08925589704022413,0.12444977118360202,0.11496364626318772
2014-04-01,0.10879098470455008,,0.09377681609428795,0.10622431046184144,0.14301907099946098,0.13629656878955526,0.08885707249921525,,0.08591582976932473,0.12117875274581297,0.11594059393595126
2014-05-01,0.10877259379725739,,0.09884941997100515,0.10740028179388669,0.118734297795018,0.10561525786410106,0.11122861515705014,,0.10518424165305293,0.1389067133628799,0.10530857860574884
2014-06-02,0.11335512632248573,,0.10610875778462182,0.08709279836096544,0.15141498778599105,0.13035597534398882,0.08955771675947263,,0.10773161412942579,0.11876074207676543,0.09562228143628321
2014-07-01,0.1214302211373801,,0.10735380239834036,0.0912033912295235,0.14674301423035288,0.13987027148718661,0.09051986249491732,,0.09302219442893925,0.11515933078674515,0.09469791180661494
2014-08-01,0.11950974402231783,,0.1163754980678751,0.09073781071121811,0.14049792229332203,0.1432716369926709,0.08562868680577002,,0.10052469412144821,0.11011302244062414,0.09334098454475359
2014-09-02,0.11101915536258881,,0.10588361720290188,0.09697009006628668,0.10382739047992967,0.12054626138282681,0.10906207655032882,,0.11590257692110441,0.14336756293987155,0.09342126909416132
2014-10-01,0.10920363992658143,,0.10570129213438105,0.10027156830075026,0.12659587842828776,0.1520747828015104,0.09172502477266863,,0.10095901024319506,0.12426905760756976,0.08919974578505559
2014-11-03,0.10748288912836357,,0.08863024696387425,0.10523374333609642,0.09836467443866745,0.11890361119659776,0.11880190532053424,,0.12596156982774276,0.1486977934050646,0.08792356638305891
2014-12-01,0.10097384969801865,,0.08699699920007824,0.1035572518087822,0.12982725442018647,0.1424120761043413,0.10119002605407129,,0.12258277244711949,0.1218289898850794,0.09063078038232289
2015-01-02,0.09631054407770519,,0.07721298950849202,0.10236551219372236,0.0993700458293257,0.11119710826020264,0.13191016152650858,,0.14071435395749324,0.14377198999301205,0.09714729465353834
2015-02-02,0.09625796237689839,,0.07354517625378644,0.10638938765276933,0.10034315624758301,0.10862720801496341,0.13518517945972394,,0.13957327031209227,0.13803533172363344,0.10204332795854988
2015-03-02,0.09569656960507128,,0.07714395165133714,0.10121141858983886,0.10001359305647775,0.10601932867834851,0.13648262507961403,,0.14542344081069603,0.13882711608158121,0.09918195644703515
2015-04-01,0.10181868044679412,,0.07612868481867173,0.10160230565257802,0.10293663699051868,0.11388299749174066,0.14009609554361524,,0.10356721737918623,0.14807042649555643,0.11189695518133885
2015-05-01,0.09885872042837296,,0.07795200430710149,0.10665441884599874,0.10194502871387108,0.11102713135199571,0.13655367573670846,,0.1010624126832811,0.15075032568732682,0.11519628224534373
2015-06-01,0.09948343353242431,,0.07802483257463723,0.10667585693537222,0.09975942595211187,0.1127807750413327,0.13524972133982774,,0.10260230033516143,0.15045500527512903,0.11496864901400357
2015-07-01,0.10082021056157432,,0.07696932758693546,0.10698041871629871,0.10215087845606592,0.11205386493426465,0.13725743451455566,,0.10051473244203392,0.1502599108898612,0.11299322189841023
2015-08-03,0.09894096354500954,,0.0771276594209998,0.10829397434309677,0.13231575089050834,0.13402208800962662,0.11083852146411603,,0.10162274043713812,0.12147926900181327,0.1153590328876914
2015-09-01,0.0,,0.0,0.0,0.0,0.0,0.0,,0.0,0.0,0.0
2015-10-01,0.0,,0.0,0.0,0.0,0.0,0.0,,0.0,0.0,0.0
2015-11-02,0.09264373217273011,,0.07918540174912932,0.1065218934782095,0.10152531818250277,0.10921262968208886,0.14244810224314,,0.10853469035693225,0.1381826641896985,0.12174556794556862
2015-12-01,0.0919752149003486,,0.08133941397833239,0.12773690297557547,0.12252672492019462,0.10958062074303326,0.10826660173963008,,0.09947014144572877,0.1083555817321118,0.1507487975650451
2016-01-04,0.09670762332292399,,0.08439499633282176,0.10493509789818822,0.10109855846093772,0.11626055754871735,0.13844042657891678,,0.09295816414637681,0.140319844725595,0.12488473098552236
2016-02-01,0.0,,0.0,0.0,0.0,0.0,0.0,,0.0,0.0,0.0
2016-03-01,0.0,,0.0,0.0,0.0,0.0,0.0,,0.0,0.0,0.0
2016-04-01,0.09375693283193208,,0.07854427357736168,0.12072707513435316,0.12817546683144887,0.1095341987533491,0.11717296970031899,,0.11798206650210077,0.10001790155251104,0.13408911511662425
2016-05-02,0.09288579304527918,,0.07872510015418688,0.1224165104696019,0.12944475439581068,0.10891777582681762,0.1154662513785475,,0.11948960265317442,0.0982633334705699,0.13439087860601184
2016-06-01,0.09399261312183793,,0.08392985539893998,0.12157727839930489,0.13139969022318854,0.10032243642682695,0.11773481108354117,,0.12237574079150046,0.09316175392911642,0.1355058206257436
2016-07-01,0.09559403989291114,,0.0855748220520236,0.096030222646686,0.10431179146610547,0.1084837845141409,0.14228043278892735,,0.12645728912034884,0.12135979383809817,0.10390142278586811
2016-08-01,0.10347871607282165,,0.10123344910012862,0.08952055114807461,0.13525848926339443,0.13291478932234385,0.11596979704390864,,0.1309128229806275,0.09285281680094726,0.09785856826775338
2016-09-01,0.10501583508444076,,0.08820486555446211,0.1108091528945378,0.1315898175372735,0.10994955712383282,0.11128571623343256,,0.12550032944072745,0.0944952200461741,0.123149506085119
2016-10-03,0.12429757647934021,,0.10119136786819131,0.0900460492192633,0.14200252625341536,0.14540357043312382,0.10849365737799861,,0.10677367410900013,0.09267372352382239,0.08911785473584496
2016-11-01,0.094660683811167,,0.09243255446594756,0.07707866588866889,0.10041733942999587,0.10442218196526956,0.128442377334924,0.09931474936507452,0.11536029063716068,0.11162924236360139,0.0762419147381906
2016-12-01,0.09228163132707806,,0.09118292930538408,0.08591447102390466,0.126520886735767,0.1323366576776641,0.10186398480489874,0.09176590048070807,0.12061023273952026,0.07690439075582334,0.08061891514925176
2017-01-03,0.10176937156685122,,0.11367837768649108,0.10356116981109184,0.1353382622537139,0.12611518749746645,0.0829041979211534,0.07846390615131398,0.09413439320237711,0.07598333168078367,0.0880518022287572
2017-02-01,0.10705666349292782,,0.10904403162101826,0.11079626893755583,0.13291351644758978,0.12457604168115147,0.07888952039984527,0.08460388059542248,0.08549297620868114,0.07990342804359868,0.08672367257220934
2017-03-01,0.10211761123820043,,0.10792157220269798,0.11517095937095642,0.12899635160132433,0.12919415048313404,0.07898709395615028,0.08256329954855127,0.08340079806691718,0.0815366375528904,0.09011152597917774
2017-04-03,0.09851245422687631,,0.09701398663435769,0.12141415055358658,0.1310157682947909,0.1294986366664138,0.08209529416926746,0.07853663430723434,0.08366318222476635,0.09000264740946629,0.08824724551324035
2017-05-01,0.09201089702994444,,0.08125642423234904,0.11238172370808071,0.09904132964014105,0.11399520973393944,0.10847767286418432,0.07916508354036406,0.11227518863885183,0.11030817084421242,0.0910882997679329
2017-06-01,0.09543745174302898,,0.07815436763657774,0.10885561708272422,0.10435539358249347,0.11036795446221562,0.10936054204629776,0.0767930911341759,0.11145832608327398,0.10949377660312878,0.09572347962608359
2017-07-03,0.09579329823311585,,0.07642956763568715,0.10673296682696788,0.10226308362066377,0.11206435935037565,0.10964962590575104,0.07658697922524677,0.11029787465297598,0.11245049672640411,0.09773174782281162
2017-08-01,0.09687583560651043,,0.08058346158515675,0.11768491457177123,0.13481451139459444,0.13473708779418164,0.08574844704852051,0.07797871032453825,0.085723484702078,0.09030526889771373,0.09554827807493507
2017-09-01,0.09650783323749554,,0.07604730503420713,0.11427145279127578,0.13197303860076734,0.1382125217934837,0.08260415900311312,0.07850124156233508,0.09255436761493424,0.09219176149764628,0.09713631886474161
2017-10-02,0.09831642951121178,,0.06881117775958522,0.11240839433507421,0.13030504816537833,0.13657398725198144,0.08472117311800638,0.0834631337790768,0.09615082466802521,0.0950320426140087,0.094217788797652
2017-11-01,0.10142305494385442,,0.07627594261489766,0.11246024986996352,0.13428239997112615,0.13430434760745494,0.07871573212260126,0.08283026194992538,0.08581543141283697,0.1006093897097645,0.09328318979757504
2017-12-01,0.09911483613441485,,0.06773925255849352,0.09861879518235646,0.12450036080498347,0.14558677392373667,0.0839952686651682,0.0898576725376025,0.10071475179834073,0.09832530385867613,0.0915469845362275
2018-01-02,0.09900420935768922,,0.06598737295000112,0.09695764531923222,0.128637357085769,0.14329311707777745,0.0857660775860806,0.0866015513426289,0.09639470117670318,0.10023503990526124,0.09712292819885716
2018-02-01,0.09591128359444082,,0.06958595240559287,0.1008904592198254,0.10092975899397658,0.11381215813227398,0.10956874192771429,0.08328262448390772,0.10886558994158743,0.12247999690063964,0.09467343440004133
2018-03-01,0.06923705591733806,,0.05764534242119315,0.06963222520563363,0.09019445215580023,0.09774163625361396,0.057186488599791356,0.0540498808695037,0.05240703933436569,0.06649822521716396,0.07228791581577688
2018-04-02,0.08781681815576863,,0.07122809384337153,0.09515762217919548,0.09168970793851322,0.10098416957324836,0.09663627329050702,0.07102663120533059,0.09479430231843138,0.1104386446238397,0.09164739267912159
2018-05-01,0.09255934012411536,,0.0825626144097899,0.10745511215448486,0.0998462004483535,0.11197281759088194,0.10114031709940503,0.08051240339943684,0.10571904338758649,0.11864361896379041,0.0995885324221557
2018-06-01,0.09305386042111796,,0.10275463089188382,0.10725121846145434,0.09244322294910946,0.10386635593449398,0.09482486250078243,0.08055752386170377,0.10483183628890157,0.1193816671951923,0.10103482149536043
2018-07-02,0.09379933169080233,,0.10593228382826402,0.09596675857831433,0.12479416671317323,0.14562362940824664,0.07381116077194527,0.0832960533437389,0.08343761476330694,0.08867844545987591,0.1046605554423325
2018-08-01,0.09286502157057834,,0.10632177347904538,0.09213969177730554,0.12037843446010753,0.14349329386965418,0.07520402256909606,0.08640522205067207,0.08258929978462752,0.0897056229359526,0.11089761750296065
2018-09-04,0.08918756616301494,,0.1096337294231084,0.09496226737518255,0.09411269807591621,0.10405223707103806,0.10249905931445019,0.08056806893039285,0.10087001631222035,0.1157310418684747,0.10838331546620181
2018-10-01,0.08375454148919141,,0.09023264757092342,0.09021861486514751,0.0891244234377378,0.11303540797683077,0.10460420336542019,0.08616721709620698,0.1067513033960523,0.12090344870830923,0.11520819209418046
2018-11-01,0.0,,0.0,0.0,0.0,0.0,0.0,0.0,0.0,0.0,0.0
2018-12-03,0.06960884422080983,,0.08785694800079664,0.08280644891443875,0.07983497024454045,0.10653419741401265,0.11492362939474098,0.08703136569458474,0.10999982417886801,0.12772730497701731,0.10705838826280349
2019-01-02,0.0,,0.0,0.0,0.0,0.0,0.0,0.0,0.0,0.0,0.0
2019-02-01,0.0,,0.0,0.0,0.0,0.0,0.0,0.0,0.0,0.0,0.0
2019-03-01,0.07704972963089367,,0.0866068599910726,0.07743350716614467,0.08258052098736594,0.08681988898948631,0.11840541498112077,0.1127704376179218,0.13498054073191804,0.12701001063314016,0.09634308927093613
2019-04-01,0.0785891654133403,,0.08002899890619165,0.07754621949750902,0.11905628208882822,0.12836191464823393,0.09195728214916499,0.10870717695711267,0.10990758088250435,0.10658544163265979,0.09925993782445518
2019-05-01,0.08047955029221925,,0.07158370505540022,0.0756520213475353,0.08907920077684575,0.10010374711545637,0.1257691805149472,0.10892602605081884,0.12852706008635187,0.12422056379316854,0.09565894496725649
2019-06-03,0.0,,0.0,0.0,0.0,0.0,0.0,0.0,0.0,0.0,0.0
2019-07-01,0.07356138429882751,0.0778407031513103,0.05789091119266744,0.08213390488318141,0.08564687355231994,0.08846783725638636,0.12618658376957387,0.10055917821703338,0.10088726016246476,0.12085445515679852,0.08597090835943672
2019-08-01,0.07579371193897035,0.07937890894481708,0.05499354131048612,0.07686323708263117,0.07965126366645414,0.09219011827492121,0.11890773784292878,0.09738431365128117,0.1261398586308966,0.11080538337302961,0.08789192528358378
2019-09-03,0.059571202783764036,0.06399831103852131,0.04354380517048211,0.06104732892418546,0.06255087414437936,0.06885363074861235,0.09592581641934872,0.07614711056926121,0.09746533163968822,0.07940744192718055,0.0644127764543878
2019-10-01,0.07930657897986317,0.1083331471051314,0.05820788582039058,0.07902028302912874,0.10480032898924609,0.11313637524211011,0.09454070046550518,0.10255226187332328,0.10099439714144304,0.07628236938095397,0.0828256719729045
2019-11-01,0.08420728733495728,0.07850434240344263,0.05633498781255108,0.07882030781941166,0.0847817269990029,0.09036759289228126,0.11323703287674992,0.10152933968868243,0.12555517856561194,0.09848025012586266,0.08818195348144628
2019-12-02,0.08063195809429666,0.08683586181572453,0.05658364368282004,0.08039728054500268,0.08287311535226899,0.10193300471349168,0.11125435806471458,0.09534668190257314,0.12119634214081512,0.09620509215172958,0.08674266153656304
2020-01-02,0.0783705915027763,0.0883415123615253,0.05799471960661726,0.08882974691158411,0.08992840033586247,0.10899802335311312,0.1101397729570809,0.0871126143439764,0.10679071648711959,0.09944096564711291,0.08405293649323167
2020-02-03,0.08234325802957917,0.1087310112035041,0.05916611437554762,0.08716618958008979,0.10679900939409219,0.1397782168325604,0.08731277815970981,0.08051957135932244,0.08798578671953089,0.07878661773977744,0.08141144660628617
2020-03-02,0.0,0.0,0.0,0.0,0.0,0.0,0.0,0.0,0.0,0.0,0.0
2020-04-01,0.0,0.0,0.0,0.0,0.0,0.0,0.0,0.0,0.0,0.0,0.0
2020-05-01,0.0,0.0,0.0,0.0,0.0,0.0,0.0,0.0,0.0,0.0,0.0
2020-06-01,0.07198907384601436,0.07693839648180177,0.050818092594141606,0.06443640994258029,0.06541016718780905,0.09163412074307993,0.10315563162469565,0.06885436670855137,0.07267040038800768,0.10961724770060889,0.07615194017318351
2020-07-01,0.05144775325029343,0.0753716562880773,0.03614388596450278,0.04652709897787714,0.06477691105825008,0.08344896990604825,0.055184271506635206,0.051540246468947414,0.05451933058542414,0.05978335320894037,0.055848210795037545
2020-08-03,0.08321757820272607,0.11642661085122546,0.05837099063420518,0.0721269251209858,0.10360189618381782,0.13425013001233246,0.08518057878971734,0.08122274196701998,0.08262829877147121,0.09342892116263542,0.08954532830386329
2020-09-01,0.08576964655771334,0.11888895484135018,0.05861048298188278,0.07419103436865286,0.104483730295768,0.13379692776524701,0.08392553048133614,0.07686902236797258,0.08019606663535203,0.09267696840235634,0.09059163530236879
2020-10-01,0.06486092310219635,0.09289280410885771,0.046641751430250296,0.0572774152090623,0.08216365698777617,0.10355188189941616,0.064439436729552,0.0585929335103055,0.05833851236128699,0.06982622006363803,0.07109412447911186
2020-11-02,0.08002577877412373,0.10778107748110002,0.05168577732381925,0.0667908970681965,0.09840486128069005,0.1195438168931351,0.07792400568853816,0.07015791061833473,0.07174036003236335,0.08112999637854802,0.08583292643701315
2020-12-01,0.0885073097794241,0.11905316100619921,0.05463103502755294,0.07199201359277368,0.10704396746604522,0.12766434835957752,0.0857708168587948,0.0782741367240613,0.08526867151357904,0.08664612034454824,0.09514841932744399
2021-01-04,0.09000979453523529,0.09338465583590783,0.055893037262635364,0.07387788435389336,0.08503436045255817,0.1019175273998345,0.1108462334932662,0.07642834340914123,0.10542913978369799,0.11137791782625898,0.09580110564757109
2021-02-01,0.09485644699959515,0.09342728940211369,0.059593208677107,0.07651594309970454,0.08349930030261726,0.10135708161819995,0.10916694643421082,0.07348322347661548,0.09873307477568444,0.11360764764195204,0.09575983757219968
2021-03-01,0.09504303653887308,0.11893293112021346,0.06370747596010035,0.07718900915844534,0.10865804928648674,0.1294326196345947,0.07855103019175069,0.07129870409911836,0.07141461037804935,0.0875539219300652,0.09821861170230294
2021-04-01,0.09354679383662776,0.11862573048155736,0.09739480780252445,0.0892354575221997,0.11468549191982305,0.11922180260673587,0.06795025413340058,0.07061425343912094,0.06207961058879904,0.07334398386495627,0.093301813804255
2021-05-03,0.09724408433494046,0.11772069581842587,0.08241130250005063,0.09551232341918836,0.12468654778481722,0.11751686601691859,0.07005862983629782,0.07024456019647497,0.06614202486210945,0.0687974052496357,0.08966555998114094
2021-06-01,0.09593193430185282,0.116761902996326,0.08064751361764919,0.1005901812960289,0.12293967677686043,0.11540440720683867,0.06930749276905517,0.07537372952447124,0.06493673427231594,0.06840439842793493,0.08970202881066675
2021-07-01,0.09773697860412318,0.0894260450084329,0.0870267249333178,0.10545582509159186,0.09590068809521327,0.07884786018244538,0.09748639179381553,0.0745174707862122,0.09363638659709181,0.098918805029612,0.08104682387814409
2021-08-02,0.08755367292839669,0.08868669515432465,0.10205716046466533,0.10080432799059096,0.09223954888861131,0.0843767119244412,0.09509846500382786,0.07789118400731945,0.0894034315291677,0.10035757105687489,0.08153123105178015
2021-09-01,0.09032400840251065,0.08532945470275222,0.10094452341128234,0.10403277232444641,0.08913976161976316,0.07887336669155687,0.09131118370786247,0.08676286128255306,0.09459864117163581,0.10428619180235423,0.07439723488328283
2021-10-01,0.08276158494804427,0.08936268014724084,0.10662103362777171,0.1024016374407257,0.08339709300395275,0.08324729202984721,0.09302426881962356,0.08496224545423374,0.09546185796276654,0.10434642089434142,0.0744138856714521
2021-11-01,0.07934560185002497,0.08416422099795628,0.11362348488257505,0.09728409695016554,0.08112767970875082,0.0839030867384151,0.09845209752530919,0.0833533956258313,0.09412404035647502,0.10590812797533031,0.07871416738916644
2021-12-01,0.11109891699021196,0.08158111417714761,0.14090909090909093,0.09993413236636818,0.0789876469776608,0.08804222453849325,0.07037420049565996,0.09101442957758385,0.07077185249634674,0.08170328651772438,0.08558310495371238
2022-01-03,0.07995257438820853,0.07398697887136352,0.10931763782668522,0.09150681146831943,0.07649837116356746,0.09159926786276987,0.09478405512151868,0.09352825318296229,0.0959389020801114,0.10396431030948347,0.08892283772501017
2022-02-01,0.08393747537233724,0.06719339877461604,0.10506277752544421,0.0921546613269716,0.07886989398297595,0.09045172136642443,0.10177377271574838,0.10205923668631418,0.09610172193026509,0.10293948236824657,0.07945585795065632
2022-03-01,0.0,0.0,0.0,0.0,0.0,0.0,0.0,0.0,0.0,0.0,0.0
2022-04-01,0.06429242622072506,0.05437353101956213,0.09518360527495195,0.06972397640190163,0.06075413988736333,0.07122760202262911,0.08950346632938924,0.07112118774015859,0.08709431830979539,0.09007721939499153,0.06337844951658524
2022-05-02,0.0,0.0,0.0,0.0,0.0,0.0,0.0,0.0,0.0,0.0,0.0
2022-06-01,0.0,0.0,0.0,0.0,0.0,0.0,0.0,0.0,0.0,0.0,0.0
2022-07-01,0.0,0.0,0.0,0.0,0.0,0.0,0.0,0.0,0.0,0.0,0.0
2022-08-01,0.0,0.0,0.0,0.0,0.0,0.0,0.0,0.0,0.0,0.0,0.0
2022-09-01,0.0,0.0,0.0,0.0,0.0,0.0,0.0,0.0,0.0,0.0,0.0
2022-10-03,0.0,0.0,0.0,0.0,0.0,0.0,0.0,0.0,0.0,0.0,0.0
2022-11-01,0.0,0.0,0.0,0.0,0.0,0.0,0.0,0.0,0.0,0.0,0.0
2022-12-01,0.055531724377611606,0.048161263446554026,0.08013185806220884,0.07447018634774108,0.07562904321770288,0.051692775947123785,0.06049581778389306,0.052734830914453135,0.06002298807966474,0.05982836864519668,0.068455975096614
2023-01-03,0.0,0.0,0.0,0.0,0.0,0.0,0.0,0.0,0.0,0.0,0.0
2023-02-01,0.08580417942938225,0.0681749669948944,0.11309526511726152,0.08289947609889006,0.088939392156148,0.0756174887516959,0.12076244813911023,0.07754843084532737,0.09243780357222035,0.12350683148882197,0.07121371740624796
2023-03-01,0.08915783982195985,0.06871372146599736,0.1153569456836615,0.08286704943837728,0.0890453138571404,0.07583027502048817,0.11748134818081105,0.07950810451330229,0.08996772725058036,0.12037565905523717,0.0716960157124446
2023-04-03,0.0889769693009489,0.06902216912145366,0.11160453823455008,0.08920370500308389,0.09487449338609666,0.07913815425617916,0.12273121355353384,0.07272686019483975,0.08248589616147806,0.11910567545496754,0.0701303253328685
2023-05-01,0.07989174283724172,0.08283326044791885,0.10607911551007741,0.10389205951272795,0.1229932274736806,0.09562924413185718,0.0823051228428886,0.059445810835761774,0.08106631140453427,0.08556937010844608,0.10029473489486562
2023-06-01,0.07692606942097553,0.08632977800192447,0.08909209796993448,0.07638716805566848,0.10045535819821155,0.10240705269666554,0.12974684791608163,0.06203140392361356,0.07653977979257968,0.12151327898337218,0.07857116504097274
2023-07-03,0.0799379631488797,0.09366019585868499,0.08790070599765527,0.10559469025982729,0.11683042175275907,0.11058167861799777,0.07870768656374068,0.06500197166725363,0.06962291249288687,0.07678410769639181,0.11537766594392299
2023-08-01,0.08896157824418581,0.09906811220273648,0.08822042480500232,0.08120864092064745,0.09623609538316266,0.10557004644927684,0.11214297076466911,0.06392661384924621,0.06765823538192015,0.11181207648238113,0.08519520551677187
2023-09-01,0.08743316113412246,0.09919194971258291,0.08437914700422067,0.1070800760083773,0.11910850276438129,0.10481138479042897,0.07738442214910837,0.06554292462686724,0.06380250445187774,0.08043299146185091,0.1108329358961822
2023-10-02,0.08712096999484495,0.102178853416595,0.0898289050337273,0.08001189309933165,0.09403261923828134,0.10748902827212306,0.10775224951746194,0.07246883831264118,0.06653446428194629,0.10791599646968768,0.08466618236335967
2023-11-01,0.0,0.0,0.0,0.0,0.0,0.0,0.0,0.0,0.0,0.0,0.0
2023-12-01,0.08057552261924275,0.11080588930015806,0.08345279837221012,0.0779331198756157,0.08472252112122294,0.10616891160544473,0.10816791570414905,0.07472778867077942,0.07363723894361364,0.10893777822313587,0.09087051556442774
2024-01-02,0.08044551637987364,0.10425260658666308,0.07535430670287789,0.10650035505224337,0.10889059307565863,0.10632176184003095,0.07367904907919726,0.07782761441938592,0.07034551147388271,0.07445895759922289,0.12192372779096386
2024-02-01,0.07932148205468577,0.10335820650681155,0.07406935501569682,0.0806076801614567,0.08791691421602234,0.11110158218079333,0.107874925691055,0.07854475192066392,0.07251902310359228,0.11084492772784896,0.09384115142137339
2024-03-01,0.0747518475178148,0.10597320718140113,0.07531249187696926,0.10765234374962623,0.11012989794488018,0.10820430527829217,0.07577032975829645,0.07534241217403784,0.07097537071151098,0.08216787134851018,0.11371992245866082
2024-04-01,0.07821633481680504,0.10217076486709552,0.07500409654515712,0.11969566510856436,0.11444408182767415,0.10229965696589549,0.07072683937458332,0.07579701129154505,0.0640024518171496,0.08076033384450465,0.11688276354102571
2024-05-01,0.08210806983401184,0.10024297133611931,0.07940091937360236,0.11939632893933261,0.11832826221830765,0.10170521189377427,0.06735714737555255,0.0736889945002164,0.06458532160031676,0.07734683812747199,0.11583993480129426
2024-06-03,0.087287845248155,0.09493839512021064,0.0949813748578457,0.12582776007555016,0.12345797125789101,0.08713146458632232,0.06899155903728128,0.06504717237191442,0.06817139556923213,0.07524210113547806,0.10892296074011933
2024-07-01,0.08173400391548084,0.10667938854844757,0.09001560724893723,0.10108688853318169,0.08826365009100355,0.09579442713148012,0.10429221641384992,0.06890684645262676,0.08449578747404322,0.10880986135111011,0.06992132283983901
2024-08-01,0.07611153186438337,0.1058390408103875,0.07980621583623787,0.09514763629168478,0.08622234144314309,0.10874044778206923,0.10553753139726844,0.07480101607127218,0.07605946159659827,0.11461537149971886,0.07711940540723644
2024-09-03,0.07576489016745559,0.10025079419129103,0.06721920897461174,0.12923255760994015,0.11346597909332841,0.09613332166484728,0.0702888295813723,0.0788897939597295,0.08612443309303919,0.07699155083039118,0.09774253839014693
2024-10-01,0.07780315557394189,0.09282569298619721,0.055553018659169465,0.12620842532727422,0.11595702238216435,0.09397967429735717,0.078717850575351,0.08938289713108243,0.09112976939035625,0.07987613049164907,0.09856636318545697
2024-11-01,0.0793700916290523,0.09335897966707908,0.05288611050542702,0.12146241539452916,0.11849341369946344,0.09040284235539113,0.07527851222342412,0.09158867113219808,0.09170725685420308,0.07513995636824605,0.11031175017098654
2024-12-02,0.10729870593604453,0.10325456230704863,0.09635781842312774,0.1005932816543411,0.09354838548409615,0.08445759156359796,0.07789302990752807,0.08322749484705783,0.10047762490361106,0.07342932056275404,0.07946218441079292
2025-01-02,0.06989971253751244,0.10046022412050343,0.07556866472102033,0.12914790937811949,0.1159096397643869,0.0822506268233335,0.07700651472648765,0.07343811003440763,0.0972369690507654,0.06623384546692629,0.11284778337653698
2025-02-03,0.10225990457156976,0.09912248690303237,0.10438552056216491,0.096499726789231,0.0873183862615164,0.08729412810363793,0.07878244674545426,0.07831310253254083,0.09698798353805657,0.06614864493992771,0.10288766905286806
2025-03-03,0.06944249501383933,0.09990813932834856,0.07153784574112824,0.09897185420169187,0.08378200622343883,0.07956485182664683,0.10272604851599473,0.07659971944672339,0.12550704042787353,0.09595702455943556,0.09600297471487917
2025-04-01,0.0,0.0,0.0,0.0,0.0,0.0,0.0,0.0,0.0,0.0,0.0
2025-05-01,0.0,0.0,0.0,0.0,0.0,0.0,0.0,0.0,0.0,0.0,0.0
2025-06-02,0.06822145969734984,0.09769102577351925,0.06270202824112586,0.10162089281159994,0.08707934115932654,0.07762572561436763,0.1189418721370229,0.09296436651292188,0.09230967206090382,0.10685614806288352,0.09398746792897889
2025-07-01,0.07398634413428487,0.094901826630647,0.0661842142487839,0.1011110274843283,0.09400163242664752,0.07751705651251227,0.11622452986395984,0.08651184688319968,0.09853651419065354,0.09756391091270476,0.0934610967122783
2025-08-01,0.10290539609178886,0.10411653841301101,0.09957471802009123,0.09745352422532924,0.09276731959843401,0.09222882465352386,0.08189199594087126,0.0790714309222253,0.0911377315865088,0.06619230958744429,0.09266021096077215
2025-09-02,0.10375108407021419,0.10075477992699494,0.10735517633494943,0.09303930537183994,0.0940699844072401,0.09668370648584396,0.0768751593435174,0.07606687819639704,0.09245500221585504,0.06291072872634211,0.0960381949208059
2025-10-01,0.10401505232773472,0.10362045531663408,0.11336446808203225,0.09941767166032403,0.0915170033027436,0.0953010287070062,0.07544407437229214,0.07314022601102017,0.08388187846393728,0.06544755944056277,0.09485058231571278
2025-11-03,0.07132431413660012,0.10418241733766953,0.07777324639931936,0.09144450059788281,0.09084401870833411,0.1016763034315998,0.10484157918418421,0.07436918340362961,0.08607700050407113,0.10076668068687883,0.09670075560983028
2025-12-01,0.06988683488959668,0.09755889771256954,0.07323945979844025,0.08200652196779666,0.08826065885856442,0.10981567364658538,0.09871606793706796,0.07182548740408334,0.1163643216655411,0.10458780483735627,0.0877382712823984
2026-01-02,0.07680544781888012,0.09771181274307106,0.07745326588942396,0.08299008874183053,0.09366244331665062,0.10345998566757161,0.099452979250246,0.07181584887266967,0.10105523898995404,0.12166338337316415,0.07392950533653826
2026-02-02,0.10821570562029283,0.097646517455967,0.11030538513117434,0.08349440072644371,0.0931120787836479,0.11289381405059137,0.0720723900479125,0.07162396948294524,0.091611144484001,0.08242860295164792,0.07659599126537624
2026-03-02,0.11722517945756937,0.0946084566933178,0.1210204616805052,0.07320393757184589,0.10000571699616985,0.10750605087522774,0.07239779307667486,0.06688823730690778,0.0850374948395923,0.07584292833793722,0.08626374316425199
2026-04-01,0.0,0.0,0.0,0.0,0.0,0.0,0.0,0.0,0.0,0.0,0.0
2026-05-01,0.11944464809580485,0.08589504647039516,0.14090909090909093,0.07447603738595594,0.0915456126604368,0.09340019753163162,0.07458360804146183,0.07407798424136233,0.0874689469623961,0.0771162302163832,0.08108259748508127
2026-06-01,0.08562919939708305,0.08109205562006677,0.11115945993195872,0.07030305124093578,0.08764226728490523,0.10068667028360263,0.09769311025834311,0.07569467324558592,0.10898683810003575,0.10412820418187448,0.07698447045560876
2026-07-01,0.08511386871191118,0.07631892245181933,0.0999207499859072,0.06964427293833621,0.08544748715412198,0.11293917133762066,0.10044982886306043,0.07736711350892563,0.10597055480489448,0.10698641097058234,0.0798416192728206
2026-08-03,0.11825312962263176,0.07116691954703089,0.1254946570057353,0.07398843423295764,0.09252833378709455,0.11382476408093918,0.07689807701530481,0.07973719952927254,0.07860094838229291,0.09285611898418901,0.0766514178125514
2026-09-01,0.11337921669613492,0.06938946475179457,0.13832878272968904,0.07822712416883737,0.0911510542208845,0.10586343523257474,0.079349177103987,0.08136908590419265,0.07926998765635078,0.0916702885627006,0.0720023829728539
2026-10-01,0.12022978929354665,0.07019975080680373,0.14090909090909093,0.08085994447691787,0.08571201974672439,0.10026412114005777,0.08264615805841084,0.08010947568738577,0.07327152086507661,0.0933164148208907,0.07248171419509478
