period,signal,level,lookahead,n_signals,n_events,tp,precision,recall,f1,lead_med,random_precision
in-sample,g1_vix_backwardation,L1,1,513,136,77,0.15009746588693956,0.5661764705882353,0.23728813559322032,1.0,0.06752730883813307
in-sample,g1_vix_backwardation,L1,3,513,136,192,0.3742690058479532,0.7205882352941176,0.4926557222527687,2.0,0.18921003450135798
in-sample,g1_vix_backwardation,L1,5,513,136,259,0.5048732943469786,0.7720588235294118,0.6105130824231948,3.0,0.29501381178875163
in-sample,g1_vix_backwardation,L2,1,513,32,26,0.050682261208576995,0.8125,0.09541284403669724,1.0,0.01588877855014892
in-sample,g1_vix_backwardation,L2,3,513,32,62,0.12085769980506822,0.875,0.21238071935404942,2.0,0.04691298697332058
in-sample,g1_vix_backwardation,L2,5,513,32,86,0.16764132553606237,0.875,0.2813741528394485,3.0,0.07695915400512754
in-sample,g1_vix_backwardation,L3,1,513,5,4,0.007797270955165692,0.8,0.015444015444015443,2.0,0.0024826216484608032
in-sample,g1_vix_backwardation,L3,3,513,5,10,0.01949317738791423,0.8,0.038058991436726926,3.0,0.007429390016049919
in-sample,g1_vix_backwardation,L3,5,513,5,12,0.023391812865497075,0.8,0.045454545454545456,3.0,0.012351626964123286
in-sample,g1_vix_spike,L1,1,343,136,55,0.16034985422740525,0.40441176470588236,0.22964509394572027,1.0,0.06752730883813307
in-sample,g1_vix_spike,L1,3,343,136,131,0.3819241982507289,0.5514705882352942,0.45129877586642475,2.0,0.18921003450135798
in-sample,g1_vix_spike,L1,5,343,136,175,0.5102040816326531,0.6617647058823529,0.5761843790012804,3.0,0.29501381178875163
in-sample,g1_vix_spike,L2,1,343,32,21,0.061224489795918366,0.65625,0.112,1.0,0.01588877855014892
in-sample,g1_vix_spike,L2,3,343,32,52,0.15160349854227406,0.78125,0.25393104795390176,2.0,0.04691298697332058
in-sample,g1_vix_spike,L2,5,343,32,68,0.19825072886297376,0.84375,0.3210632158782898,3.0,0.07695915400512754
in-sample,g1_vix_spike,L3,1,343,5,4,0.011661807580174927,0.8,0.022988505747126436,2.0,0.0024826216484608032
in-sample,g1_vix_spike,L3,3,343,5,10,0.029154518950437316,0.8,0.05625879043600562,3.0,0.007429390016049919
in-sample,g1_vix_spike,L3,5,343,5,12,0.03498542274052478,0.8,0.06703910614525141,3.0,0.012351626964123286
in-sample,g1_vix_momentum,L1,1,215,136,30,0.13953488372093023,0.22058823529411764,0.17094017094017092,1.0,0.06752730883813307
in-sample,g1_vix_momentum,L1,3,215,136,80,0.37209302325581395,0.40441176470588236,0.38757982823166703,3.0,0.18921003450135798
in-sample,g1_vix_momentum,L1,5,215,136,99,0.4604651162790698,0.4852941176470588,0.4725536992840096,3.0,0.29501381178875163
in-sample,g1_vix_momentum,L2,1,215,32,15,0.06976744186046512,0.46875,0.12145748987854252,1.0,0.01588877855014892
in-sample,g1_vix_momentum,L2,3,215,32,33,0.15348837209302327,0.5625,0.24116930572472597,2.0,0.04691298697332058
in-sample,g1_vix_momentum,L2,5,215,32,40,0.18604651162790697,0.65625,0.2899050905953408,3.0,0.07695915400512754
in-sample,g1_vix_momentum,L3,1,215,5,3,0.013953488372093023,0.6,0.02727272727272727,1.0,0.0024826216484608032
in-sample,g1_vix_momentum,L3,3,215,5,7,0.03255813953488372,0.6,0.06176470588235294,2.0,0.007429390016049919
in-sample,g1_vix_momentum,L3,5,215,5,9,0.04186046511627907,0.8,0.07955801104972376,3.0,0.012351626964123286
in-sample,g3_stl_fsi,L1,1,576,136,61,0.10590277777777778,0.4485294117647059,0.17134831460674158,1.0,0.06752730883813307
in-sample,g3_stl_fsi,L1,3,576,136,142,0.2465277777777778,0.4632352941176471,0.32179856115107913,2.0,0.18921003450135798
in-sample,g3_stl_fsi,L1,5,576,136,194,0.3368055555555556,0.5,0.4024896265560166,3.0,0.29501381178875163
in-sample,g3_stl_fsi,L2,1,576,32,15,0.026041666666666668,0.46875,0.049342105263157895,1.0,0.01588877855014892
in-sample,g3_stl_fsi,L2,3,576,32,35,0.06076388888888889,0.5,0.10835913312693499,2.0,0.04691298697332058
in-sample,g3_stl_fsi,L2,5,576,32,46,0.0798611111111111,0.53125,0.1388494318181818,3.0,0.07695915400512754
in-sample,g3_stl_fsi,L3,1,576,5,4,0.006944444444444444,0.8,0.013769363166953529,2.0,0.0024826216484608032
in-sample,g3_stl_fsi,L3,3,576,5,10,0.017361111111111112,0.8,0.033984706881903144,3.0,0.007429390016049919
in-sample,g3_stl_fsi,L3,5,576,5,13,0.022569444444444444,1.0,0.044142614601018676,3.0,0.012351626964123286
in-sample,g3_nfci,L1,1,36,136,9,0.25,0.0661764705882353,0.10465116279069768,1.0,0.06752730883813307
in-sample,g3_nfci,L1,3,36,136,20,0.5555555555555556,0.08088235294117647,0.141206675224647,2.0,0.18921003450135798
in-sample,g3_nfci,L1,5,36,136,27,0.75,0.08823529411764706,0.15789473684210525,3.0,0.29501381178875163
in-sample,g3_nfci,L2,1,36,32,5,0.1388888888888889,0.15625,0.14705882352941177,1.0,0.01588877855014892
in-sample,g3_nfci,L2,3,36,32,10,0.2777777777777778,0.15625,0.19999999999999998,2.0,0.04691298697332058
in-sample,g3_nfci,L2,5,36,32,12,0.3333333333333333,0.15625,0.2127659574468085,2.0,0.07695915400512754
in-sample,g3_nfci,L3,1,36,5,2,0.05555555555555555,0.4,0.09756097560975609,2.0,0.0024826216484608032
in-sample,g3_nfci,L3,3,36,5,3,0.08333333333333333,0.4,0.13793103448275862,2.0,0.007429390016049919
in-sample,g3_nfci,L3,5,36,5,3,0.08333333333333333,0.4,0.13793103448275862,2.0,0.012351626964123286
in-sample,g4_yc_10y2y,L1,1,130,136,14,0.1076923076923077,0.10294117647058823,0.10526315789473685,1.0,0.06752730883813307
in-sample,g4_yc_10y2y,L1,3,130,136,39,0.3,0.10294117647058823,0.1532846715328467,2.0,0.18921003450135798
in-sample,g4_yc_10y2y,L1,5,130,136,62,0.47692307692307695,0.11029411764705882,0.17915623193989597,4.0,0.29501381178875163
in-sample,g4_yc_10y2y,L2,1,130,32,2,0.015384615384615385,0.0625,0.02469135802469136,1.0,0.01588877855014892
in-sample,g4_yc_10y2y,L2,3,130,32,6,0.046153846153846156,0.0625,0.05309734513274336,2.5,0.04691298697332058
in-sample,g4_yc_10y2y,L2,5,130,32,10,0.07692307692307693,0.0625,0.06896551724137931,4.0,0.07695915400512754
in-sample,g4_yc_10y2y,L3,1,130,5,0,0.0,0.0,0.0,,0.0024826216484608032
in-sample,g4_yc_10y2y,L3,3,130,5,0,0.0,0.0,0.0,,0.007429390016049919
in-sample,g4_yc_10y2y,L3,5,130,5,0,0.0,0.0,0.0,,0.012351626964123286
in-sample,g4_yc_10y3m,L1,1,165,136,14,0.08484848484848485,0.10294117647058823,0.09302325581395347,1.0,0.06752730883813307
in-sample,g4_yc_10y3m,L1,3,165,136,39,0.23636363636363636,0.11029411764705882,0.1504049363671423,3.0,0.18921003450135798
in-sample,g4_yc_10y3m,L1,5,165,136,59,0.3575757575757576,0.125,0.18524332810047095,5.0,0.29501381178875163
in-sample,g4_yc_10y3m,L2,1,165,32,4,0.024242424242424242,0.125,0.04060913705583757,2.0,0.01588877855014892
in-sample,g4_yc_10y3m,L2,3,165,32,10,0.06060606060606061,0.15625,0.08733624454148471,3.0,0.04691298697332058
in-sample,g4_yc_10y3m,L2,5,165,32,15,0.09090909090909091,0.1875,0.12244897959183672,4.0,0.07695915400512754
in-sample,g4_yc_10y3m,L3,1,165,5,0,0.0,0.0,0.0,,0.0024826216484608032
in-sample,g4_yc_10y3m,L3,3,165,5,0,0.0,0.0,0.0,,0.007429390016049919
in-sample,g4_yc_10y3m,L3,5,165,5,1,0.006060606060606061,0.2,0.01176470588235294,7.0,0.012351626964123286
in-sample,g5_fg_extreme_fear,L1,1,251,136,47,0.18725099601593626,0.34558823529411764,0.24289405684754523,1.0,0.06752730883813307
in-sample,g5_fg_extreme_fear,L1,3,251,136,108,0.4302788844621514,0.375,0.40074211502782925,2.0,0.18921003450135798
in-sample,g5_fg_extreme_fear,L1,5,251,136,136,0.5418326693227091,0.38235294117647056,0.4483326993787245,3.0,0.29501381178875163
in-sample,g5_fg_extreme_fear,L2,1,251,32,13,0.05179282868525897,0.40625,0.09187279151943463,1.0,0.01588877855014892
in-sample,g5_fg_extreme_fear,L2,3,251,32,27,0.10756972111553785,0.40625,0.17009934577174704,2.0,0.04691298697332058
in-sample,g5_fg_extreme_fear,L2,5,251,32,36,0.14342629482071714,0.4375,0.21603086155165024,3.0,0.07695915400512754
in-sample,g5_fg_extreme_fear,L3,1,251,5,4,0.01593625498007968,0.8,0.03125,2.0,0.0024826216484608032
in-sample,g5_fg_extreme_fear,L3,3,251,5,10,0.0398406374501992,0.8,0.07590132827324478,3.0,0.007429390016049919
in-sample,g5_fg_extreme_fear,L3,5,251,5,12,0.04780876494023904,0.8,0.09022556390977444,3.0,0.012351626964123286
in-sample,g5_fg_fear_zone,L1,1,812,136,89,0.10960591133004927,0.6544117647058824,0.18776371308016876,1.0,0.06752730883813307
in-sample,g5_fg_fear_zone,L1,3,812,136,219,0.2697044334975369,0.7058823529411765,0.3902873691245266,2.0,0.18921003450135798
in-sample,g5_fg_fear_zone,L1,5,812,136,300,0.3694581280788177,0.7352941176470589,0.49180327868852464,3.0,0.29501381178875163
in-sample,g5_fg_fear_zone,L2,1,812,32,24,0.029556650246305417,0.75,0.05687203791469195,1.0,0.01588877855014892
in-sample,g5_fg_fear_zone,L2,3,812,32,57,0.07019704433497537,0.78125,0.128819381666968,2.0,0.04691298697332058
in-sample,g5_fg_fear_zone,L2,5,812,32,77,0.09482758620689655,0.84375,0.17049368541905854,3.0,0.07695915400512754
in-sample,g5_fg_fear_zone,L3,1,812,5,4,0.0049261083743842365,0.8,0.009791921664626684,2.0,0.0024826216484608032
in-sample,g5_fg_fear_zone,L3,3,812,5,10,0.012315270935960592,0.8,0.02425712553062462,3.0,0.007429390016049919
in-sample,g5_fg_fear_zone,L3,5,812,5,14,0.017241379310344827,1.0,0.03389830508474576,3.5,0.012351626964123286
in-sample,g6_sector_convergent,L1,1,561,136,66,0.11764705882352941,0.4852941176470588,0.18938307030129126,1.0,0.06752730883813307
in-sample,g6_sector_convergent,L1,3,561,136,164,0.29233511586452765,0.5,0.36895388076490443,2.0,0.18921003450135798
in-sample,g6_sector_convergent,L1,5,561,136,227,0.40463458110516937,0.5073529411764706,0.4502091088084391,3.0,0.29501381178875163
in-sample,g6_sector_convergent,L2,1,561,32,19,0.0338680926916221,0.59375,0.06408094435075885,1.0,0.01588877855014892
in-sample,g6_sector_convergent,L2,3,561,32,44,0.0784313725490196,0.59375,0.13855970829535097,2.0,0.04691298697332058
in-sample,g6_sector_convergent,L2,5,561,32,58,0.10338680926916222,0.59375,0.17610866959648422,3.0,0.07695915400512754
in-sample,g6_sector_convergent,L3,1,561,5,5,0.008912655971479501,1.0,0.017667844522968195,1.0,0.0024826216484608032
in-sample,g6_sector_convergent,L3,3,561,5,13,0.023172905525846704,1.0,0.04529616724738676,3.0,0.007429390016049919
in-sample,g6_sector_convergent,L3,5,561,5,17,0.030303030303030304,1.0,0.05882352941176471,3.0,0.012351626964123286
in-sample,g7_rsi_oversold,L1,1,192,136,34,0.17708333333333334,0.25,0.2073170731707317,1.0,0.06752730883813307
in-sample,g7_rsi_oversold,L1,3,192,136,73,0.3802083333333333,0.34558823529411764,0.3620726044744617,2.0,0.18921003450135798
in-sample,g7_rsi_oversold,L1,5,192,136,109,0.5677083333333334,0.45588235294117646,0.5056869200838072,3.0,0.29501381178875163
in-sample,g7_rsi_oversold,L2,1,192,32,11,0.057291666666666664,0.34375,0.0982142857142857,1.0,0.01588877855014892
in-sample,g7_rsi_oversold,L2,3,192,32,25,0.13020833333333334,0.46875,0.20380434782608697,2.0,0.04691298697332058
in-sample,g7_rsi_oversold,L2,5,192,32,36,0.1875,0.5625,0.28125,3.0,0.07695915400512754
in-sample,g7_rsi_oversold,L3,1,192,5,3,0.015625,0.6,0.030456852791878174,3.0,0.0024826216484608032
in-sample,g7_rsi_oversold,L3,3,192,5,9,0.046875,0.8,0.0885608856088561,3.0,0.007429390016049919
in-sample,g7_rsi_oversold,L3,5,192,5,11,0.057291666666666664,0.8,0.1069258809234508,3.0,0.012351626964123286
in-sample,g7_price_zscore,L1,1,1974,136,129,0.06534954407294832,0.9485294117647058,0.12227488151658766,1.0,0.06752730883813307
in-sample,g7_price_zscore,L1,3,1974,136,334,0.1691995947315096,0.9926470588235294,0.2891181543630616,2.0,0.18921003450135798
in-sample,g7_price_zscore,L1,5,1974,136,477,0.24164133738601823,0.9926470588235294,0.3886685860177087,3.0,0.29501381178875163
in-sample,g7_price_zscore,L2,1,1974,32,28,0.014184397163120567,0.875,0.027916251246261216,1.0,0.01588877855014892
in-sample,g7_price_zscore,L2,3,1974,32,78,0.03951367781155015,1.0,0.07602339181286549,2.0,0.04691298697332058
in-sample,g7_price_zscore,L2,5,1974,32,117,0.05927051671732523,1.0,0.11190817790530846,4.0,0.07695915400512754
in-sample,g7_price_zscore,L3,1,1974,5,4,0.002026342451874367,0.8,0.00404244567963618,1.0,0.0024826216484608032
in-sample,g7_price_zscore,L3,3,1974,5,11,0.005572441742654508,1.0,0.011083123425692693,2.0,0.007429390016049919
in-sample,g7_price_zscore,L3,5,1974,5,14,0.0070921985815602835,1.0,0.014084507042253521,3.0,0.012351626964123286
in-sample,g8_layer_a_bearish,L1,1,598,136,76,0.12709030100334448,0.5588235294117647,0.20708446866485014,1.0,0.06752730883813307
in-sample,g8_layer_a_bearish,L1,3,598,136,180,0.3010033444816054,0.6176470588235294,0.40475425634436235,2.0,0.18921003450135798
in-sample,g8_layer_a_bearish,L1,5,598,136,247,0.41304347826086957,0.6838235294117647,0.5150102011075488,3.0,0.29501381178875163
in-sample,g8_layer_a_bearish,L2,1,598,32,21,0.03511705685618729,0.65625,0.06666666666666667,1.0,0.01588877855014892
in-sample,g8_layer_a_bearish,L2,3,598,32,48,0.0802675585284281,0.6875,0.1437517016063164,2.0,0.04691298697332058
in-sample,g8_layer_a_bearish,L2,5,598,32,64,0.10702341137123746,0.71875,0.18630553094544994,3.0,0.07695915400512754
in-sample,g8_layer_a_bearish,L3,1,598,5,4,0.006688963210702341,0.8,0.013266998341625208,2.0,0.0024826216484608032
in-sample,g8_layer_a_bearish,L3,3,598,5,10,0.016722408026755852,0.8,0.03276003276003276,3.0,0.007429390016049919
in-sample,g8_layer_a_bearish,L3,5,598,5,12,0.020066889632107024,0.8,0.03915171288743883,3.0,0.012351626964123286
in-sample,g9_crisis_composite_red,L1,1,8,136,3,0.375,0.022058823529411766,0.04166666666666667,1.0,0.06752730883813307
in-sample,g9_crisis_composite_red,L1,3,8,136,8,1.0,0.04411764705882353,0.08450704225352113,2.0,0.18921003450135798
in-sample,g9_crisis_composite_red,L1,5,8,136,8,1.0,0.04411764705882353,0.08450704225352113,2.0,0.29501381178875163
in-sample,g9_crisis_composite_red,L2,1,8,32,2,0.25,0.0625,0.1,1.0,0.01588877855014892
in-sample,g9_crisis_composite_red,L2,3,8,32,6,0.75,0.125,0.21428571428571427,2.0,0.04691298697332058
in-sample,g9_crisis_composite_red,L2,5,8,32,7,0.875,0.125,0.21875,2.0,0.07695915400512754
in-sample,g9_crisis_composite_red,L3,1,8,5,1,0.125,0.2,0.15384615384615385,1.0,0.0024826216484608032
in-sample,g9_crisis_composite_red,L3,3,8,5,3,0.375,0.4,0.38709677419354843,2.0,0.007429390016049919
in-sample,g9_crisis_composite_red,L3,5,8,5,3,0.375,0.4,0.38709677419354843,2.0,0.012351626964123286
in-sample,g10_volume_surge,L1,1,112,136,23,0.20535714285714285,0.16911764705882354,0.18548387096774194,1.0,0.06752730883813307
in-sample,g10_volume_surge,L1,3,112,136,44,0.39285714285714285,0.29411764705882354,0.3363914373088685,2.5,0.18921003450135798
in-sample,g10_volume_surge,L1,5,112,136,57,0.5089285714285714,0.3897058823529412,0.4414085330216248,3.0,0.29501381178875163
in-sample,g10_volume_surge,L2,1,112,32,8,0.07142857142857142,0.25,0.11111111111111112,2.0,0.01588877855014892
in-sample,g10_volume_surge,L2,3,112,32,20,0.17857142857142858,0.53125,0.2672955974842767,3.0,0.04691298697332058
in-sample,g10_volume_surge,L2,5,112,32,23,0.20535714285714285,0.5625,0.3008720930232558,3.0,0.07695915400512754
in-sample,g10_volume_surge,L3,1,112,5,1,0.008928571428571428,0.2,0.017094017094017092,3.0,0.0024826216484608032
in-sample,g10_volume_surge,L3,3,112,5,4,0.03571428571428571,0.6,0.06741573033707865,3.0,0.007429390016049919
in-sample,g10_volume_surge,L3,5,112,5,6,0.05357142857142857,0.8,0.100418410041841,3.5,0.012351626964123286
in-sample,g11_safe_haven,L1,1,349,136,29,0.0830945558739255,0.21323529411764705,0.1195876288659794,1.0,0.06752730883813307
in-sample,g11_safe_haven,L1,3,349,136,71,0.2034383954154728,0.5,0.2892057026476578,2.0,0.18921003450135798
in-sample,g11_safe_haven,L1,5,349,136,96,0.27507163323782235,0.6470588235294118,0.386035459696582,3.0,0.29501381178875163
in-sample,g11_safe_haven,L2,1,349,32,10,0.02865329512893983,0.3125,0.05249343832020998,1.0,0.01588877855014892
in-sample,g11_safe_haven,L2,3,349,32,22,0.06303724928366762,0.625,0.11452368558042686,2.0,0.04691298697332058
in-sample,g11_safe_haven,L2,5,349,32,27,0.07736389684813753,0.6875,0.139077499414657,3.0,0.07695915400512754
in-sample,g11_safe_haven,L3,1,349,5,2,0.0057306590257879654,0.4,0.011299435028248586,2.0,0.0024826216484608032
in-sample,g11_safe_haven,L3,3,349,5,5,0.014326647564469915,0.6,0.027985074626865676,3.0,0.007429390016049919
in-sample,g11_safe_haven,L3,5,349,5,6,0.017191977077363897,0.8,0.03366058906030856,3.0,0.012351626964123286
in-sample,g11_corr_velocity,L1,1,266,136,19,0.07142857142857142,0.13970588235294118,0.0945273631840796,1.0,0.06752730883813307
in-sample,g11_corr_velocity,L1,3,266,136,51,0.19172932330827067,0.23529411764705882,0.21128948731227343,3.0,0.18921003450135798
in-sample,g11_corr_velocity,L1,5,266,136,65,0.24436090225563908,0.3235294117647059,0.27842679127725856,3.0,0.29501381178875163
in-sample,g11_corr_velocity,L2,1,266,32,7,0.02631578947368421,0.21875,0.046979865771812075,1.0,0.01588877855014892
in-sample,g11_corr_velocity,L2,3,266,32,17,0.06390977443609022,0.34375,0.10778097982708933,3.0,0.04691298697332058
in-sample,g11_corr_velocity,L2,5,266,32,22,0.08270676691729323,0.46875,0.14060502769492972,3.0,0.07695915400512754
in-sample,g11_corr_velocity,L3,1,266,5,1,0.0037593984962406013,0.2,0.007380073800738007,3.0,0.0024826216484608032
in-sample,g11_corr_velocity,L3,3,266,5,2,0.007518796992481203,0.4,0.014760147601476014,3.5,0.007429390016049919
in-sample,g11_corr_velocity,L3,5,266,5,3,0.011278195488721804,0.6,0.02214022140221402,4.0,0.012351626964123286
in-sample,g12_composite,L1,1,697,136,100,0.14347202295552366,0.7352941176470589,0.24009603841536614,1.0,0.06752730883813307
in-sample,g12_composite,L1,3,697,136,237,0.3400286944045911,0.8088235294117647,0.47877908578354844,2.0,0.18921003450135798
in-sample,g12_composite,L1,5,697,136,320,0.45911047345767575,0.8455882352941176,0.595108146351324,3.0,0.29501381178875163
in-sample,g12_composite,L2,1,697,32,27,0.03873744619799139,0.84375,0.07407407407407407,1.0,0.01588877855014892
in-sample,g12_composite,L2,3,697,32,63,0.09038737446197992,0.90625,0.16437986414143688,2.0,0.04691298697332058
in-sample,g12_composite,L2,5,697,32,84,0.12051649928263988,0.9375,0.21357742181540806,3.0,0.07695915400512754
in-sample,g12_composite,L3,1,697,5,4,0.005738880918220947,0.8,0.011396011396011397,2.0,0.0024826216484608032
in-sample,g12_composite,L3,3,697,5,10,0.014347202295552367,0.8,0.02818886539816772,3.0,0.007429390016049919
in-sample,g12_composite,L3,5,697,5,12,0.01721664275466284,0.8,0.033707865168539325,3.0,0.012351626964123286
oos,g1_vix_backwardation,L1,1,131,16,9,0.06870229007633588,0.5625,0.12244897959183675,1.0,0.031936127744510934
oos,g1_vix_backwardation,L1,3,131,16,19,0.1450381679389313,0.5625,0.23061362103843558,2.0,0.09278120664341005
oos,g1_vix_backwardation,L1,5,131,16,30,0.22900763358778625,0.6875,0.3435710567412806,3.0,0.1498020300026538
oos,g1_vix_backwardation,L2,1,131,0,0,0.0,0.0,0.0,,0.0
oos,g1_vix_backwardation,L2,3,131,0,0,0.0,0.0,0.0,,0.0
oos,g1_vix_backwardation,L2,5,131,0,0,0.0,0.0,0.0,,0.0
oos,g1_vix_backwardation,L3,1,131,0,0,0.0,0.0,0.0,,0.0
oos,g1_vix_backwardation,L3,3,131,0,0,0.0,0.0,0.0,,0.0
oos,g1_vix_backwardation,L3,5,131,0,0,0.0,0.0,0.0,,0.0
oos,g1_vix_spike,L1,1,55,16,2,0.03636363636363636,0.125,0.05633802816901408,2.0,0.031936127744510934
oos,g1_vix_spike,L1,3,55,16,3,0.05454545454545454,0.1875,0.08450704225352113,3.0,0.09278120664341005
oos,g1_vix_spike,L1,5,55,16,6,0.10909090909090909,0.25,0.1518987341772152,5.5,0.1498020300026538
oos,g1_vix_spike,L2,1,55,0,0,0.0,0.0,0.0,,0.0
oos,g1_vix_spike,L2,3,55,0,0,0.0,0.0,0.0,,0.0
oos,g1_vix_spike,L2,5,55,0,0,0.0,0.0,0.0,,0.0
oos,g1_vix_spike,L3,1,55,0,0,0.0,0.0,0.0,,0.0
oos,g1_vix_spike,L3,3,55,0,0,0.0,0.0,0.0,,0.0
oos,g1_vix_spike,L3,5,55,0,0,0.0,0.0,0.0,,0.0
oos,g1_vix_momentum,L1,1,41,16,1,0.024390243902439025,0.0625,0.03508771929824562,3.0,0.031936127744510934
oos,g1_vix_momentum,L1,3,41,16,5,0.12195121951219512,0.25,0.16393442622950818,3.0,0.09278120664341005
oos,g1_vix_momentum,L1,5,41,16,7,0.17073170731707318,0.3125,0.22082018927444796,3.0,0.1498020300026538
oos,g1_vix_momentum,L2,1,41,0,0,0.0,0.0,0.0,,0.0
oos,g1_vix_momentum,L2,3,41,0,0,0.0,0.0,0.0,,0.0
oos,g1_vix_momentum,L2,5,41,0,0,0.0,0.0,0.0,,0.0
oos,g1_vix_momentum,L3,1,41,0,0,0.0,0.0,0.0,,0.0
oos,g1_vix_momentum,L3,3,41,0,0,0.0,0.0,0.0,,0.0
oos,g1_vix_momentum,L3,5,41,0,0,0.0,0.0,0.0,,0.0
oos,g2_hy_static,L1,1,0,16,0,0.0,0.0,0.0,,0.031936127744510934
oos,g2_hy_static,L1,3,0,16,0,0.0,0.0,0.0,,0.09278120664341005
oos,g2_hy_static,L1,5,0,16,0,0.0,0.0,0.0,,0.1498020300026538
oos,g2_hy_static,L2,1,0,0,0,0.0,0.0,0.0,,0.0
oos,g2_hy_static,L2,3,0,0,0,0.0,0.0,0.0,,0.0
oos,g2_hy_static,L2,5,0,0,0,0.0,0.0,0.0,,0.0
oos,g2_hy_static,L3,1,0,0,0,0.0,0.0,0.0,,0.0
oos,g2_hy_static,L3,3,0,0,0,0.0,0.0,0.0,,0.0
oos,g2_hy_static,L3,5,0,0,0,0.0,0.0,0.0,,0.0
oos,g2_hy_zscore,L1,1,0,16,0,0.0,0.0,0.0,,0.031936127744510934
oos,g2_hy_zscore,L1,3,0,16,0,0.0,0.0,0.0,,0.09278120664341005
oos,g2_hy_zscore,L1,5,0,16,0,0.0,0.0,0.0,,0.1498020300026538
oos,g2_hy_zscore,L2,1,0,0,0,0.0,0.0,0.0,,0.0
oos,g2_hy_zscore,L2,3,0,0,0,0.0,0.0,0.0,,0.0
oos,g2_hy_zscore,L2,5,0,0,0,0.0,0.0,0.0,,0.0
oos,g2_hy_zscore,L3,1,0,0,0,0.0,0.0,0.0,,0.0
oos,g2_hy_zscore,L3,3,0,0,0,0.0,0.0,0.0,,0.0
oos,g2_hy_zscore,L3,5,0,0,0,0.0,0.0,0.0,,0.0
oos,g2_ig_static,L1,1,0,16,0,0.0,0.0,0.0,,0.031936127744510934
oos,g2_ig_static,L1,3,0,16,0,0.0,0.0,0.0,,0.09278120664341005
oos,g2_ig_static,L1,5,0,16,0,0.0,0.0,0.0,,0.1498020300026538
oos,g2_ig_static,L2,1,0,0,0,0.0,0.0,0.0,,0.0
oos,g2_ig_static,L2,3,0,0,0,0.0,0.0,0.0,,0.0
oos,g2_ig_static,L2,5,0,0,0,0.0,0.0,0.0,,0.0
oos,g2_ig_static,L3,1,0,0,0,0.0,0.0,0.0,,0.0
oos,g2_ig_static,L3,3,0,0,0,0.0,0.0,0.0,,0.0
oos,g2_ig_static,L3,5,0,0,0,0.0,0.0,0.0,,0.0
oos,g3_stl_fsi,L1,1,10,16,1,0.1,0.0625,0.07692307692307693,1.0,0.031936127744510934
oos,g3_stl_fsi,L1,3,10,16,3,0.3,0.0625,0.10344827586206896,2.0,0.09278120664341005
oos,g3_stl_fsi,L1,5,10,16,3,0.3,0.0625,0.10344827586206896,2.0,0.1498020300026538
oos,g3_stl_fsi,L2,1,10,0,0,0.0,0.0,0.0,,0.0
oos,g3_stl_fsi,L2,3,10,0,0,0.0,0.0,0.0,,0.0
oos,g3_stl_fsi,L2,5,10,0,0,0.0,0.0,0.0,,0.0
oos,g3_stl_fsi,L3,1,10,0,0,0.0,0.0,0.0,,0.0
oos,g3_stl_fsi,L3,3,10,0,0,0.0,0.0,0.0,,0.0
oos,g3_stl_fsi,L3,5,10,0,0,0.0,0.0,0.0,,0.0
oos,g3_nfci,L1,1,0,16,0,0.0,0.0,0.0,,0.031936127744510934
oos,g3_nfci,L1,3,0,16,0,0.0,0.0,0.0,,0.09278120664341005
oos,g3_nfci,L1,5,0,16,0,0.0,0.0,0.0,,0.1498020300026538
oos,g3_nfci,L2,1,0,0,0,0.0,0.0,0.0,,0.0
oos,g3_nfci,L2,3,0,0,0,0.0,0.0,0.0,,0.0
oos,g3_nfci,L2,5,0,0,0,0.0,0.0,0.0,,0.0
oos,g3_nfci,L3,1,0,0,0,0.0,0.0,0.0,,0.0
oos,g3_nfci,L3,3,0,0,0,0.0,0.0,0.0,,0.0
oos,g3_nfci,L3,5,0,0,0,0.0,0.0,0.0,,0.0
oos,g4_yc_10y2y,L1,1,416,16,13,0.03125,0.8125,0.06018518518518518,1.0,0.031936127744510934
oos,g4_yc_10y2y,L1,3,416,16,35,0.08413461538461539,0.8125,0.1524798927613941,3.0,0.09278120664341005
oos,g4_yc_10y2y,L1,5,416,16,56,0.1346153846153846,0.875,0.23333333333333334,5.0,0.1498020300026538
oos,g4_yc_10y2y,L2,1,416,0,0,0.0,0.0,0.0,,0.0
oos,g4_yc_10y2y,L2,3,416,0,0,0.0,0.0,0.0,,0.0
oos,g4_yc_10y2y,L2,5,416,0,0,0.0,0.0,0.0,,0.0
oos,g4_yc_10y2y,L3,1,416,0,0,0.0,0.0,0.0,,0.0
oos,g4_yc_10y2y,L3,3,416,0,0,0.0,0.0,0.0,,0.0
oos,g4_yc_10y2y,L3,5,416,0,0,0.0,0.0,0.0,,0.0
oos,g4_yc_10y3m,L1,1,490,16,15,0.030612244897959183,0.9375,0.05928853754940711,1.0,0.031936127744510934
oos,g4_yc_10y3m,L1,3,490,16,42,0.08571428571428572,0.9375,0.15706806282722516,3.0,0.09278120664341005
oos,g4_yc_10y3m,L1,5,490,16,68,0.13877551020408163,1.0,0.24372759856630827,5.0,0.1498020300026538
oos,g4_yc_10y3m,L2,1,490,0,0,0.0,0.0,0.0,,0.0
oos,g4_yc_10y3m,L2,3,490,0,0,0.0,0.0,0.0,,0.0
oos,g4_yc_10y3m,L2,5,490,0,0,0.0,0.0,0.0,,0.0
oos,g4_yc_10y3m,L3,1,490,0,0,0.0,0.0,0.0,,0.0
oos,g4_yc_10y3m,L3,3,490,0,0,0.0,0.0,0.0,,0.0
oos,g4_yc_10y3m,L3,5,490,0,0,0.0,0.0,0.0,,0.0
oos,g5_fg_extreme_fear,L1,1,15,16,1,0.06666666666666667,0.0625,0.06451612903225808,3.0,0.031936127744510934
oos,g5_fg_extreme_fear,L1,3,15,16,1,0.06666666666666667,0.0625,0.06451612903225808,3.0,0.09278120664341005
oos,g5_fg_extreme_fear,L1,5,15,16,1,0.06666666666666667,0.0625,0.06451612903225808,3.0,0.1498020300026538
oos,g5_fg_extreme_fear,L2,1,15,0,0,0.0,0.0,0.0,,0.0
oos,g5_fg_extreme_fear,L2,3,15,0,0,0.0,0.0,0.0,,0.0
oos,g5_fg_extreme_fear,L2,5,15,0,0,0.0,0.0,0.0,,0.0
oos,g5_fg_extreme_fear,L3,1,15,0,0,0.0,0.0,0.0,,0.0
oos,g5_fg_extreme_fear,L3,3,15,0,0,0.0,0.0,0.0,,0.0
oos,g5_fg_extreme_fear,L3,5,15,0,0,0.0,0.0,0.0,,0.0
oos,g5_fg_fear_zone,L1,1,107,16,4,0.037383177570093455,0.25,0.06504065040650406,2.0,0.031936127744510934
oos,g5_fg_fear_zone,L1,3,107,16,12,0.11214953271028037,0.3125,0.16506189821182943,3.0,0.09278120664341005
oos,g5_fg_fear_zone,L1,5,107,16,18,0.16822429906542055,0.375,0.232258064516129,4.0,0.1498020300026538
oos,g5_fg_fear_zone,L2,1,107,0,0,0.0,0.0,0.0,,0.0
oos,g5_fg_fear_zone,L2,3,107,0,0,0.0,0.0,0.0,,0.0
oos,g5_fg_fear_zone,L2,5,107,0,0,0.0,0.0,0.0,,0.0
oos,g5_fg_fear_zone,L3,1,107,0,0,0.0,0.0,0.0,,0.0
oos,g5_fg_fear_zone,L3,3,107,0,0,0.0,0.0,0.0,,0.0
oos,g5_fg_fear_zone,L3,5,107,0,0,0.0,0.0,0.0,,0.0
oos,g6_sector_convergent,L1,1,11,16,1,0.09090909090909091,0.0625,0.07407407407407407,4.0,0.031936127744510934
oos,g6_sector_convergent,L1,3,11,16,2,0.18181818181818182,0.0625,0.09302325581395349,4.5,0.09278120664341005
oos,g6_sector_convergent,L1,5,11,16,2,0.18181818181818182,0.125,0.14814814814814814,4.5,0.1498020300026538
oos,g6_sector_convergent,L2,1,11,0,0,0.0,0.0,0.0,,0.0
oos,g6_sector_convergent,L2,3,11,0,0,0.0,0.0,0.0,,0.0
oos,g6_sector_convergent,L2,5,11,0,0,0.0,0.0,0.0,,0.0
oos,g6_sector_convergent,L3,1,11,0,0,0.0,0.0,0.0,,0.0
oos,g6_sector_convergent,L3,3,11,0,0,0.0,0.0,0.0,,0.0
oos,g6_sector_convergent,L3,5,11,0,0,0.0,0.0,0.0,,0.0
oos,g7_rsi_oversold,L1,1,48,16,3,0.0625,0.1875,0.09375,1.0,0.031936127744510934
oos,g7_rsi_oversold,L1,3,48,16,6,0.125,0.3125,0.17857142857142858,2.5,0.09278120664341005
oos,g7_rsi_oversold,L1,5,48,16,8,0.16666666666666666,0.375,0.23076923076923078,3.0,0.1498020300026538
oos,g7_rsi_oversold,L2,1,48,0,0,0.0,0.0,0.0,,0.0
oos,g7_rsi_oversold,L2,3,48,0,0,0.0,0.0,0.0,,0.0
oos,g7_rsi_oversold,L2,5,48,0,0,0.0,0.0,0.0,,0.0
oos,g7_rsi_oversold,L3,1,48,0,0,0.0,0.0,0.0,,0.0
oos,g7_rsi_oversold,L3,3,48,0,0,0.0,0.0,0.0,,0.0
oos,g7_rsi_oversold,L3,5,48,0,0,0.0,0.0,0.0,,0.0
oos,g7_price_zscore,L1,1,486,16,15,0.030864197530864196,0.9375,0.05976095617529879,1.0,0.031936127744510934
oos,g7_price_zscore,L1,3,486,16,42,0.08641975308641975,0.9375,0.15825169555388094,2.5,0.09278120664341005
oos,g7_price_zscore,L1,5,486,16,66,0.13580246913580246,0.9375,0.23723939611790076,5.0,0.1498020300026538
oos,g7_price_zscore,L2,1,486,0,0,0.0,0.0,0.0,,0.0
oos,g7_price_zscore,L2,3,486,0,0,0.0,0.0,0.0,,0.0
oos,g7_price_zscore,L2,5,486,0,0,0.0,0.0,0.0,,0.0
oos,g7_price_zscore,L3,1,486,0,0,0.0,0.0,0.0,,0.0
oos,g7_price_zscore,L3,3,486,0,0,0.0,0.0,0.0,,0.0
oos,g7_price_zscore,L3,5,486,0,0,0.0,0.0,0.0,,0.0
oos,g8_layer_a_bearish,L1,1,87,16,3,0.034482758620689655,0.1875,0.058252427184466014,1.0,0.031936127744510934
oos,g8_layer_a_bearish,L1,3,87,16,8,0.09195402298850575,0.25,0.13445378151260504,3.0,0.09278120664341005
oos,g8_layer_a_bearish,L1,5,87,16,12,0.13793103448275862,0.25,0.17777777777777778,4.0,0.1498020300026538
oos,g8_layer_a_bearish,L2,1,87,0,0,0.0,0.0,0.0,,0.0
oos,g8_layer_a_bearish,L2,3,87,0,0,0.0,0.0,0.0,,0.0
oos,g8_layer_a_bearish,L2,5,87,0,0,0.0,0.0,0.0,,0.0
oos,g8_layer_a_bearish,L3,1,87,0,0,0.0,0.0,0.0,,0.0
oos,g8_layer_a_bearish,L3,3,87,0,0,0.0,0.0,0.0,,0.0
oos,g8_layer_a_bearish,L3,5,87,0,0,0.0,0.0,0.0,,0.0
oos,g9_crisis_composite_red,L1,1,0,16,0,0.0,0.0,0.0,,0.031936127744510934
oos,g9_crisis_composite_red,L1,3,0,16,0,0.0,0.0,0.0,,0.09278120664341005
oos,g9_crisis_composite_red,L1,5,0,16,0,0.0,0.0,0.0,,0.1498020300026538
oos,g9_crisis_composite_red,L2,1,0,0,0,0.0,0.0,0.0,,0.0
oos,g9_crisis_composite_red,L2,3,0,0,0,0.0,0.0,0.0,,0.0
oos,g9_crisis_composite_red,L2,5,0,0,0,0.0,0.0,0.0,,0.0
oos,g9_crisis_composite_red,L3,1,0,0,0,0.0,0.0,0.0,,0.0
oos,g9_crisis_composite_red,L3,3,0,0,0,0.0,0.0,0.0,,0.0
oos,g9_crisis_composite_red,L3,5,0,0,0,0.0,0.0,0.0,,0.0
oos,g10_volume_surge,L1,1,20,16,2,0.1,0.125,0.11111111111111112,2.0,0.031936127744510934
oos,g10_volume_surge,L1,3,20,16,2,0.1,0.125,0.11111111111111112,2.0,0.09278120664341005
oos,g10_volume_surge,L1,5,20,16,4,0.2,0.25,0.22222222222222224,4.5,0.1498020300026538
oos,g10_volume_surge,L2,1,20,0,0,0.0,0.0,0.0,,0.0
oos,g10_volume_surge,L2,3,20,0,0,0.0,0.0,0.0,,0.0
oos,g10_volume_surge,L2,5,20,0,0,0.0,0.0,0.0,,0.0
oos,g10_volume_surge,L3,1,20,0,0,0.0,0.0,0.0,,0.0
oos,g10_volume_surge,L3,3,20,0,0,0.0,0.0,0.0,,0.0
oos,g10_volume_surge,L3,5,20,0,0,0.0,0.0,0.0,,0.0
oos,g11_safe_haven,L1,1,53,16,5,0.09433962264150944,0.3125,0.14492753623188406,1.0,0.031936127744510934
oos,g11_safe_haven,L1,3,53,16,9,0.16981132075471697,0.5,0.2535211267605634,2.0,0.09278120664341005
oos,g11_safe_haven,L1,5,53,16,11,0.20754716981132076,0.625,0.311614730878187,3.0,0.1498020300026538
oos,g11_safe_haven,L2,1,53,0,0,0.0,0.0,0.0,,0.0
oos,g11_safe_haven,L2,3,53,0,0,0.0,0.0,0.0,,0.0
oos,g11_safe_haven,L2,5,53,0,0,0.0,0.0,0.0,,0.0
oos,g11_safe_haven,L3,1,53,0,0,0.0,0.0,0.0,,0.0
oos,g11_safe_haven,L3,3,53,0,0,0.0,0.0,0.0,,0.0
oos,g11_safe_haven,L3,5,53,0,0,0.0,0.0,0.0,,0.0
oos,g11_corr_velocity,L1,1,83,16,3,0.03614457831325301,0.1875,0.0606060606060606,1.0,0.031936127744510934
oos,g11_corr_velocity,L1,3,83,16,9,0.10843373493975904,0.25,0.15126050420168066,4.0,0.09278120664341005
oos,g11_corr_velocity,L1,5,83,16,14,0.1686746987951807,0.25,0.2014388489208633,5.0,0.1498020300026538
oos,g11_corr_velocity,L2,1,83,0,0,0.0,0.0,0.0,,0.0
oos,g11_corr_velocity,L2,3,83,0,0,0.0,0.0,0.0,,0.0
oos,g11_corr_velocity,L2,5,83,0,0,0.0,0.0,0.0,,0.0
oos,g11_corr_velocity,L3,1,83,0,0,0.0,0.0,0.0,,0.0
oos,g11_corr_velocity,L3,3,83,0,0,0.0,0.0,0.0,,0.0
oos,g11_corr_velocity,L3,5,83,0,0,0.0,0.0,0.0,,0.0
oos,g12_composite,L1,1,97,16,5,0.05154639175257732,0.3125,0.08849557522123894,1.0,0.031936127744510934
oos,g12_composite,L1,3,97,16,10,0.10309278350515463,0.375,0.16172506738544476,2.0,0.09278120664341005
oos,g12_composite,L1,5,97,16,16,0.16494845360824742,0.4375,0.23957219251336898,3.5,0.1498020300026538
oos,g12_composite,L2,1,97,0,0,0.0,0.0,0.0,,0.0
oos,g12_composite,L2,3,97,0,0,0.0,0.0,0.0,,0.0
oos,g12_composite,L2,5,97,0,0,0.0,0.0,0.0,,0.0
oos,g12_composite,L3,1,97,0,0,0.0,0.0,0.0,,0.0
oos,g12_composite,L3,3,97,0,0,0.0,0.0,0.0,,0.0
oos,g12_composite,L3,5,97,0,0,0.0,0.0,0.0,,0.0
forward,g1_vix_backwardation,L1,1,68,24,11,0.16176470588235295,0.4583333333333333,0.2391304347826087,1.0,0.0672268907563025
forward,g1_vix_backwardation,L1,3,68,24,28,0.4117647058823529,0.5416666666666666,0.46786632390745503,2.0,0.18842613664348584
forward,g1_vix_backwardation,L1,5,68,24,35,0.5147058823529411,0.5833333333333334,0.5468749999999999,3.0,0.2938774401231826
forward,g1_vix_backwardation,L2,1,68,3,3,0.04411764705882353,1.0,0.08450704225352113,1.0,0.008403361344537785
forward,g1_vix_backwardation,L2,3,68,3,7,0.10294117647058823,1.0,0.18666666666666665,2.0,0.02499882800376696
forward,g1_vix_backwardation,L2,5,68,3,10,0.14705882352941177,1.0,0.25641025641025644,2.5,0.041316551170429316
forward,g1_vix_backwardation,L3,1,68,1,1,0.014705882352941176,1.0,0.028985507246376812,1.0,0.0028011204481792618
forward,g1_vix_backwardation,L3,3,68,1,3,0.04411764705882353,1.0,0.08450704225352113,2.0,0.008379844495605693
forward,g1_vix_backwardation,L3,5,68,1,5,0.07352941176470588,1.0,0.13698630136986303,3.0,0.013927358959231362
forward,g1_vix_spike,L1,1,52,24,6,0.11538461538461539,0.25,0.15789473684210525,1.0,0.0672268907563025
forward,g1_vix_spike,L1,3,52,24,21,0.40384615384615385,0.5,0.44680851063829785,2.0,0.18842613664348584
forward,g1_vix_spike,L1,5,52,24,29,0.5576923076923077,0.5416666666666666,0.5495626822157433,3.0,0.2938774401231826
forward,g1_vix_spike,L2,1,52,3,2,0.038461538461538464,0.6666666666666666,0.07272727272727274,1.0,0.008403361344537785
forward,g1_vix_spike,L2,3,52,3,4,0.07692307692307693,0.6666666666666666,0.13793103448275862,1.5,0.02499882800376696
forward,g1_vix_spike,L2,5,52,3,5,0.09615384615384616,0.6666666666666666,0.1680672268907563,2.0,0.041316551170429316
forward,g1_vix_spike,L3,1,52,1,1,0.019230769230769232,1.0,0.03773584905660378,1.0,0.0028011204481792618
forward,g1_vix_spike,L3,3,52,1,1,0.019230769230769232,1.0,0.03773584905660378,1.0,0.008379844495605693
forward,g1_vix_spike,L3,5,52,1,1,0.019230769230769232,1.0,0.03773584905660378,1.0,0.013927358959231362
forward,g1_vix_momentum,L1,1,35,24,5,0.14285714285714285,0.20833333333333334,0.1694915254237288,1.0,0.0672268907563025
forward,g1_vix_momentum,L1,3,35,24,17,0.4857142857142857,0.4166666666666667,0.44854881266490765,2.0,0.18842613664348584
forward,g1_vix_momentum,L1,5,35,24,22,0.6285714285714286,0.5833333333333334,0.6051080550098231,2.5,0.2938774401231826
forward,g1_vix_momentum,L2,1,35,3,2,0.05714285714285714,0.6666666666666666,0.10526315789473684,1.0,0.008403361344537785
forward,g1_vix_momentum,L2,3,35,3,6,0.17142857142857143,1.0,0.2926829268292683,2.0,0.02499882800376696
forward,g1_vix_momentum,L2,5,35,3,7,0.2,1.0,0.33333333333333337,2.0,0.041316551170429316
forward,g1_vix_momentum,L3,1,35,1,1,0.02857142857142857,1.0,0.05555555555555556,1.0,0.0028011204481792618
forward,g1_vix_momentum,L3,3,35,1,2,0.05714285714285714,1.0,0.1081081081081081,2.0,0.008379844495605693
forward,g1_vix_momentum,L3,5,35,1,3,0.08571428571428572,1.0,0.15789473684210528,3.0,0.013927358959231362
forward,g2_hy_static,L1,1,0,24,0,0.0,0.0,0.0,,0.0672268907563025
forward,g2_hy_static,L1,3,0,24,0,0.0,0.0,0.0,,0.18842613664348584
forward,g2_hy_static,L1,5,0,24,0,0.0,0.0,0.0,,0.2938774401231826
forward,g2_hy_static,L2,1,0,3,0,0.0,0.0,0.0,,0.008403361344537785
forward,g2_hy_static,L2,3,0,3,0,0.0,0.0,0.0,,0.02499882800376696
forward,g2_hy_static,L2,5,0,3,0,0.0,0.0,0.0,,0.041316551170429316
forward,g2_hy_static,L3,1,0,1,0,0.0,0.0,0.0,,0.0028011204481792618
forward,g2_hy_static,L3,3,0,1,0,0.0,0.0,0.0,,0.008379844495605693
forward,g2_hy_static,L3,5,0,1,0,0.0,0.0,0.0,,0.013927358959231362
forward,g2_hy_zscore,L1,1,0,24,0,0.0,0.0,0.0,,0.0672268907563025
forward,g2_hy_zscore,L1,3,0,24,0,0.0,0.0,0.0,,0.18842613664348584
forward,g2_hy_zscore,L1,5,0,24,0,0.0,0.0,0.0,,0.2938774401231826
forward,g2_hy_zscore,L2,1,0,3,0,0.0,0.0,0.0,,0.008403361344537785
forward,g2_hy_zscore,L2,3,0,3,0,0.0,0.0,0.0,,0.02499882800376696
forward,g2_hy_zscore,L2,5,0,3,0,0.0,0.0,0.0,,0.041316551170429316
forward,g2_hy_zscore,L3,1,0,1,0,0.0,0.0,0.0,,0.0028011204481792618
forward,g2_hy_zscore,L3,3,0,1,0,0.0,0.0,0.0,,0.008379844495605693
forward,g2_hy_zscore,L3,5,0,1,0,0.0,0.0,0.0,,0.013927358959231362
forward,g2_ig_static,L1,1,0,24,0,0.0,0.0,0.0,,0.0672268907563025
forward,g2_ig_static,L1,3,0,24,0,0.0,0.0,0.0,,0.18842613664348584
forward,g2_ig_static,L1,5,0,24,0,0.0,0.0,0.0,,0.2938774401231826
forward,g2_ig_static,L2,1,0,3,0,0.0,0.0,0.0,,0.008403361344537785
forward,g2_ig_static,L2,3,0,3,0,0.0,0.0,0.0,,0.02499882800376696
forward,g2_ig_static,L2,5,0,3,0,0.0,0.0,0.0,,0.041316551170429316
forward,g2_ig_static,L3,1,0,1,0,0.0,0.0,0.0,,0.0028011204481792618
forward,g2_ig_static,L3,3,0,1,0,0.0,0.0,0.0,,0.008379844495605693
forward,g2_ig_static,L3,5,0,1,0,0.0,0.0,0.0,,0.013927358959231362
forward,g3_stl_fsi,L1,1,11,24,4,0.36363636363636365,0.16666666666666666,0.2285714285714286,1.0,0.0672268907563025
forward,g3_stl_fsi,L1,3,11,24,9,0.8181818181818182,0.16666666666666666,0.2769230769230769,2.0,0.18842613664348584
forward,g3_stl_fsi,L1,5,11,24,10,0.9090909090909091,0.16666666666666666,0.2816901408450704,3.0,0.2938774401231826
forward,g3_stl_fsi,L2,1,11,3,1,0.09090909090909091,0.3333333333333333,0.14285714285714288,1.0,0.008403361344537785
forward,g3_stl_fsi,L2,3,11,3,3,0.2727272727272727,0.3333333333333333,0.3,2.0,0.02499882800376696
forward,g3_stl_fsi,L2,5,11,3,4,0.36363636363636365,0.3333333333333333,0.34782608695652173,2.5,0.041316551170429316
forward,g3_stl_fsi,L3,1,11,1,0,0.0,0.0,0.0,,0.0028011204481792618
forward,g3_stl_fsi,L3,3,11,1,0,0.0,0.0,0.0,,0.008379844495605693
forward,g3_stl_fsi,L3,5,11,1,0,0.0,0.0,0.0,,0.013927358959231362
forward,g3_nfci,L1,1,0,24,0,0.0,0.0,0.0,,0.0672268907563025
forward,g3_nfci,L1,3,0,24,0,0.0,0.0,0.0,,0.18842613664348584
forward,g3_nfci,L1,5,0,24,0,0.0,0.0,0.0,,0.2938774401231826
forward,g3_nfci,L2,1,0,3,0,0.0,0.0,0.0,,0.008403361344537785
forward,g3_nfci,L2,3,0,3,0,0.0,0.0,0.0,,0.02499882800376696
forward,g3_nfci,L2,5,0,3,0,0.0,0.0,0.0,,0.041316551170429316
forward,g3_nfci,L3,1,0,1,0,0.0,0.0,0.0,,0.0028011204481792618
forward,g3_nfci,L3,3,0,1,0,0.0,0.0,0.0,,0.008379844495605693
forward,g3_nfci,L3,5,0,1,0,0.0,0.0,0.0,,0.013927358959231362
forward,g4_yc_10y2y,L1,1,0,24,0,0.0,0.0,0.0,,0.0672268907563025
forward,g4_yc_10y2y,L1,3,0,24,0,0.0,0.0,0.0,,0.18842613664348584
forward,g4_yc_10y2y,L1,5,0,24,0,0.0,0.0,0.0,,0.2938774401231826
forward,g4_yc_10y2y,L2,1,0,3,0,0.0,0.0,0.0,,0.008403361344537785
forward,g4_yc_10y2y,L2,3,0,3,0,0.0,0.0,0.0,,0.02499882800376696
forward,g4_yc_10y2y,L2,5,0,3,0,0.0,0.0,0.0,,0.041316551170429316
forward,g4_yc_10y2y,L3,1,0,1,0,0.0,0.0,0.0,,0.0028011204481792618
forward,g4_yc_10y2y,L3,3,0,1,0,0.0,0.0,0.0,,0.008379844495605693
forward,g4_yc_10y2y,L3,5,0,1,0,0.0,0.0,0.0,,0.013927358959231362
forward,g4_yc_10y3m,L1,1,86,24,9,0.10465116279069768,0.375,0.16363636363636364,1.0,0.0672268907563025
forward,g4_yc_10y3m,L1,3,86,24,21,0.2441860465116279,0.4583333333333333,0.31862068965517243,2.0,0.18842613664348584
forward,g4_yc_10y3m,L1,5,86,24,24,0.27906976744186046,0.5,0.3582089552238806,3.0,0.2938774401231826
forward,g4_yc_10y3m,L2,1,86,3,3,0.03488372093023256,1.0,0.06741573033707865,1.0,0.008403361344537785
forward,g4_yc_10y3m,L2,3,86,3,7,0.08139534883720931,1.0,0.15053763440860218,2.0,0.02499882800376696
forward,g4_yc_10y3m,L2,5,86,3,9,0.10465116279069768,1.0,0.18947368421052632,2.0,0.041316551170429316
forward,g4_yc_10y3m,L3,1,86,1,1,0.011627906976744186,1.0,0.022988505747126436,1.0,0.0028011204481792618
forward,g4_yc_10y3m,L3,3,86,1,3,0.03488372093023256,1.0,0.06741573033707865,2.0,0.008379844495605693
forward,g4_yc_10y3m,L3,5,86,1,5,0.05813953488372093,1.0,0.10989010989010987,3.0,0.013927358959231362
forward,g5_fg_extreme_fear,L1,1,20,24,1,0.05,0.041666666666666664,0.04545454545454545,1.0,0.0672268907563025
forward,g5_fg_extreme_fear,L1,3,20,24,3,0.15,0.041666666666666664,0.06521739130434782,2.0,0.18842613664348584
forward,g5_fg_extreme_fear,L1,5,20,24,5,0.25,0.041666666666666664,0.07142857142857142,3.0,0.2938774401231826
forward,g5_fg_extreme_fear,L2,1,20,3,0,0.0,0.0,0.0,,0.008403361344537785
forward,g5_fg_extreme_fear,L2,3,20,3,0,0.0,0.0,0.0,,0.02499882800376696
forward,g5_fg_extreme_fear,L2,5,20,3,0,0.0,0.0,0.0,,0.041316551170429316
forward,g5_fg_extreme_fear,L3,1,20,1,0,0.0,0.0,0.0,,0.0028011204481792618
forward,g5_fg_extreme_fear,L3,3,20,1,0,0.0,0.0,0.0,,0.008379844495605693
forward,g5_fg_extreme_fear,L3,5,20,1,0,0.0,0.0,0.0,,0.013927358959231362
forward,g5_fg_fear_zone,L1,1,105,24,6,0.05714285714285714,0.25,0.09302325581395347,1.0,0.0672268907563025
forward,g5_fg_fear_zone,L1,3,105,24,16,0.1523809523809524,0.25,0.18934911242603553,2.0,0.18842613664348584
forward,g5_fg_fear_zone,L1,5,105,24,27,0.2571428571428571,0.2916666666666667,0.27331887201735355,3.0,0.2938774401231826
forward,g5_fg_fear_zone,L2,1,105,3,0,0.0,0.0,0.0,,0.008403361344537785
forward,g5_fg_fear_zone,L2,3,105,3,0,0.0,0.0,0.0,,0.02499882800376696
forward,g5_fg_fear_zone,L2,5,105,3,0,0.0,0.0,0.0,,0.041316551170429316
forward,g5_fg_fear_zone,L3,1,105,1,0,0.0,0.0,0.0,,0.0028011204481792618
forward,g5_fg_fear_zone,L3,3,105,1,0,0.0,0.0,0.0,,0.008379844495605693
forward,g5_fg_fear_zone,L3,5,105,1,0,0.0,0.0,0.0,,0.013927358959231362
forward,g6_sector_convergent,L1,1,24,24,4,0.16666666666666666,0.16666666666666666,0.16666666666666666,1.0,0.0672268907563025
forward,g6_sector_convergent,L1,3,24,24,9,0.375,0.16666666666666666,0.23076923076923078,2.0,0.18842613664348584
forward,g6_sector_convergent,L1,5,24,24,10,0.4166666666666667,0.16666666666666666,0.23809523809523808,3.0,0.2938774401231826
forward,g6_sector_convergent,L2,1,24,3,1,0.041666666666666664,0.3333333333333333,0.07407407407407407,1.0,0.008403361344537785
forward,g6_sector_convergent,L2,3,24,3,3,0.125,0.3333333333333333,0.18181818181818182,2.0,0.02499882800376696
forward,g6_sector_convergent,L2,5,24,3,4,0.16666666666666666,0.3333333333333333,0.2222222222222222,2.5,0.041316551170429316
forward,g6_sector_convergent,L3,1,24,1,0,0.0,0.0,0.0,,0.0028011204481792618
forward,g6_sector_convergent,L3,3,24,1,0,0.0,0.0,0.0,,0.008379844495605693
forward,g6_sector_convergent,L3,5,24,1,0,0.0,0.0,0.0,,0.013927358959231362
forward,g7_rsi_oversold,L1,1,30,24,4,0.13333333333333333,0.16666666666666666,0.14814814814814814,1.0,0.0672268907563025
forward,g7_rsi_oversold,L1,3,30,24,14,0.4666666666666667,0.3333333333333333,0.3888888888888889,2.5,0.18842613664348584
forward,g7_rsi_oversold,L1,5,30,24,16,0.5333333333333333,0.3333333333333333,0.4102564102564102,3.0,0.2938774401231826
forward,g7_rsi_oversold,L2,1,30,3,0,0.0,0.0,0.0,,0.008403361344537785
forward,g7_rsi_oversold,L2,3,30,3,2,0.06666666666666667,0.3333333333333333,0.1111111111111111,2.5,0.02499882800376696
forward,g7_rsi_oversold,L2,5,30,3,3,0.1,0.3333333333333333,0.15384615384615383,3.0,0.041316551170429316
forward,g7_rsi_oversold,L3,1,30,1,0,0.0,0.0,0.0,,0.0028011204481792618
forward,g7_rsi_oversold,L3,3,30,1,0,0.0,0.0,0.0,,0.008379844495605693
forward,g7_rsi_oversold,L3,5,30,1,0,0.0,0.0,0.0,,0.013927358959231362
forward,g7_price_zscore,L1,1,341,24,21,0.06158357771260997,0.875,0.11506849315068494,1.0,0.0672268907563025
forward,g7_price_zscore,L1,3,341,24,58,0.17008797653958943,0.9583333333333334,0.2889009204114781,2.0,0.18842613664348584
forward,g7_price_zscore,L1,5,341,24,84,0.24633431085043989,0.9583333333333334,0.39192615883963894,3.0,0.2938774401231826
forward,g7_price_zscore,L2,1,341,3,2,0.005865102639296188,0.6666666666666666,0.011627906976744188,1.0,0.008403361344537785
forward,g7_price_zscore,L2,3,341,3,6,0.017595307917888565,1.0,0.0345821325648415,2.0,0.02499882800376696
forward,g7_price_zscore,L2,5,341,3,9,0.026392961876832845,1.0,0.051428571428571435,3.0,0.041316551170429316
forward,g7_price_zscore,L3,1,341,1,1,0.002932551319648094,1.0,0.005847953216374269,1.0,0.0028011204481792618
forward,g7_price_zscore,L3,3,341,1,3,0.008797653958944282,1.0,0.017441860465116282,2.0,0.008379844495605693
forward,g7_price_zscore,L3,5,341,1,5,0.01466275659824047,1.0,0.028901734104046246,3.0,0.013927358959231362
forward,g8_layer_a_bearish,L1,1,73,24,10,0.136986301369863,0.4166666666666667,0.2061855670103093,1.0,0.0672268907563025
forward,g8_layer_a_bearish,L1,3,73,24,22,0.3013698630136986,0.4583333333333333,0.3636363636363636,2.0,0.18842613664348584
forward,g8_layer_a_bearish,L1,5,73,24,29,0.3972602739726027,0.5,0.4427480916030534,2.0,0.2938774401231826
forward,g8_layer_a_bearish,L2,1,73,3,3,0.0410958904109589,1.0,0.07894736842105263,1.0,0.008403361344537785
forward,g8_layer_a_bearish,L2,3,73,3,6,0.0821917808219178,1.0,0.1518987341772152,1.5,0.02499882800376696
forward,g8_layer_a_bearish,L2,5,73,3,7,0.0958904109589041,1.0,0.175,2.0,0.041316551170429316
forward,g8_layer_a_bearish,L3,1,73,1,1,0.0136986301369863,1.0,0.027027027027027025,1.0,0.0028011204481792618
forward,g8_layer_a_bearish,L3,3,73,1,3,0.0410958904109589,1.0,0.07894736842105263,2.0,0.008379844495605693
forward,g8_layer_a_bearish,L3,5,73,1,3,0.0410958904109589,1.0,0.07894736842105263,2.0,0.013927358959231362
forward,g9_crisis_composite_red,L1,1,0,24,0,0.0,0.0,0.0,,0.0672268907563025
forward,g9_crisis_composite_red,L1,3,0,24,0,0.0,0.0,0.0,,0.18842613664348584
forward,g9_crisis_composite_red,L1,5,0,24,0,0.0,0.0,0.0,,0.2938774401231826
forward,g9_crisis_composite_red,L2,1,0,3,0,0.0,0.0,0.0,,0.008403361344537785
forward,g9_crisis_composite_red,L2,3,0,3,0,0.0,0.0,0.0,,0.02499882800376696
forward,g9_crisis_composite_red,L2,5,0,3,0,0.0,0.0,0.0,,0.041316551170429316
forward,g9_crisis_composite_red,L3,1,0,1,0,0.0,0.0,0.0,,0.0028011204481792618
forward,g9_crisis_composite_red,L3,3,0,1,0,0.0,0.0,0.0,,0.008379844495605693
forward,g9_crisis_composite_red,L3,5,0,1,0,0.0,0.0,0.0,,0.013927358959231362
forward,g10_volume_surge,L1,1,20,24,5,0.25,0.20833333333333334,0.22727272727272727,1.0,0.0672268907563025
forward,g10_volume_surge,L1,3,20,24,10,0.5,0.3333333333333333,0.4,2.0,0.18842613664348584
forward,g10_volume_surge,L1,5,20,24,12,0.6,0.5,0.5454545454545454,2.0,0.2938774401231826
forward,g10_volume_surge,L2,1,20,3,2,0.1,0.6666666666666666,0.1739130434782609,1.0,0.008403361344537785
forward,g10_volume_surge,L2,3,20,3,4,0.2,0.6666666666666666,0.30769230769230765,1.5,0.02499882800376696
forward,g10_volume_surge,L2,5,20,3,5,0.25,0.6666666666666666,0.36363636363636365,2.0,0.041316551170429316
forward,g10_volume_surge,L3,1,20,1,1,0.05,1.0,0.09523809523809523,1.0,0.0028011204481792618
forward,g10_volume_surge,L3,3,20,1,1,0.05,1.0,0.09523809523809523,1.0,0.008379844495605693
forward,g10_volume_surge,L3,5,20,1,1,0.05,1.0,0.09523809523809523,1.0,0.013927358959231362
forward,g11_safe_haven,L1,1,42,24,3,0.07142857142857142,0.125,0.09090909090909091,1.0,0.0672268907563025
forward,g11_safe_haven,L1,3,42,24,9,0.21428571428571427,0.3333333333333333,0.2608695652173913,3.0,0.18842613664348584
forward,g11_safe_haven,L1,5,42,24,10,0.23809523809523808,0.5,0.3225806451612903,3.0,0.2938774401231826
forward,g11_safe_haven,L2,1,42,3,0,0.0,0.0,0.0,,0.008403361344537785
forward,g11_safe_haven,L2,3,42,3,0,0.0,0.0,0.0,,0.02499882800376696
forward,g11_safe_haven,L2,5,42,3,1,0.023809523809523808,0.6666666666666666,0.04597701149425287,6.0,0.041316551170429316
forward,g11_safe_haven,L3,1,42,1,0,0.0,0.0,0.0,,0.0028011204481792618
forward,g11_safe_haven,L3,3,42,1,0,0.0,0.0,0.0,,0.008379844495605693
forward,g11_safe_haven,L3,5,42,1,1,0.023809523809523808,1.0,0.046511627906976744,7.0,0.013927358959231362
forward,g11_corr_velocity,L1,1,53,24,5,0.09433962264150944,0.20833333333333334,0.12987012987012989,1.0,0.0672268907563025
forward,g11_corr_velocity,L1,3,53,24,12,0.22641509433962265,0.2916666666666667,0.2549317147192716,2.0,0.18842613664348584
forward,g11_corr_velocity,L1,5,53,24,19,0.3584905660377358,0.3333333333333333,0.34545454545454546,3.0,0.2938774401231826
forward,g11_corr_velocity,L2,1,53,3,1,0.018867924528301886,0.3333333333333333,0.03571428571428571,1.0,0.008403361344537785
forward,g11_corr_velocity,L2,3,53,3,3,0.05660377358490566,0.3333333333333333,0.0967741935483871,2.0,0.02499882800376696
forward,g11_corr_velocity,L2,5,53,3,4,0.07547169811320754,0.3333333333333333,0.12307692307692308,2.5,0.041316551170429316
forward,g11_corr_velocity,L3,1,53,1,0,0.0,0.0,0.0,,0.0028011204481792618
forward,g11_corr_velocity,L3,3,53,1,0,0.0,0.0,0.0,,0.008379844495605693
forward,g11_corr_velocity,L3,5,53,1,0,0.0,0.0,0.0,,0.013927358959231362
forward,g12_composite,L1,1,79,24,12,0.1518987341772152,0.5,0.23300970873786409,1.0,0.0672268907563025
forward,g12_composite,L1,3,79,24,31,0.3924050632911392,0.5833333333333334,0.46918918918918917,2.0,0.18842613664348584
forward,g12_composite,L1,5,79,24,38,0.4810126582278481,0.625,0.5436337625178828,3.0,0.2938774401231826
forward,g12_composite,L2,1,79,3,3,0.0379746835443038,1.0,0.07317073170731708,1.0,0.008403361344537785
forward,g12_composite,L2,3,79,3,7,0.08860759493670886,1.0,0.1627906976744186,2.0,0.02499882800376696
forward,g12_composite,L2,5,79,3,8,0.10126582278481013,1.0,0.18390804597701146,2.0,0.041316551170429316
forward,g12_composite,L3,1,79,1,1,0.012658227848101266,1.0,0.024999999999999998,1.0,0.0028011204481792618
forward,g12_composite,L3,3,79,1,3,0.0379746835443038,1.0,0.07317073170731708,2.0,0.008379844495605693
forward,g12_composite,L3,5,79,1,4,0.05063291139240506,1.0,0.09638554216867469,2.5,0.013927358959231362
