model,label,dcc_level,crash_level,lookahead,n_days,n_signals,signal_rate_pct,n_events,event_rate_pct,tp,precision,recall,f1,random_precision,edge_pp,lead_med_days,fp_rate_pct,dcc_level_name,crash_level_name
v2,IS (2015-2022),1,-0.015,1,1761,875,49.7,122,6.9,68,0.078,0.557,0.136,0.069,0.8,1.0,92.2,any,L1
v2,IS (2015-2022),1,-0.015,3,1761,875,49.7,122,6.9,182,0.208,0.656,0.316,0.069,13.9,2.0,79.2,any,L1
v2,IS (2015-2022),1,-0.015,5,1761,875,49.7,122,6.9,257,0.294,0.738,0.42,0.069,22.4,3.0,70.6,any,L1
v2,IS (2015-2022),1,-0.03,1,1761,875,49.7,30,1.7,13,0.015,0.433,0.029,0.017,-0.2,1.0,98.5,any,L2
v2,IS (2015-2022),1,-0.03,3,1761,875,49.7,30,1.7,40,0.046,0.567,0.085,0.017,2.9,3.0,95.4,any,L2
v2,IS (2015-2022),1,-0.03,5,1761,875,49.7,30,1.7,59,0.067,0.667,0.122,0.017,5.0,4.0,93.3,any,L2
v2,IS (2015-2022),2,-0.015,1,1761,417,23.7,122,6.9,35,0.084,0.287,0.13,0.069,1.5,1.0,91.6,spike,L1
v2,IS (2015-2022),2,-0.015,3,1761,417,23.7,122,6.9,88,0.211,0.344,0.262,0.069,14.2,3.0,78.9,spike,L1
v2,IS (2015-2022),2,-0.015,5,1761,417,23.7,122,6.9,129,0.309,0.402,0.35,0.069,24.0,4.0,69.1,spike,L1
v2,IS (2015-2022),2,-0.03,1,1761,417,23.7,30,1.7,9,0.022,0.3,0.04,0.017,0.5,1.0,97.8,spike,L2
v2,IS (2015-2022),2,-0.03,3,1761,417,23.7,30,1.7,20,0.048,0.3,0.083,0.017,3.1,2.0,95.2,spike,L2
v2,IS (2015-2022),2,-0.03,5,1761,417,23.7,30,1.7,28,0.067,0.4,0.115,0.017,5.0,3.0,93.3,spike,L2
v2,IS (2015-2022),3,-0.015,1,1761,220,12.5,122,6.9,21,0.095,0.172,0.123,0.069,2.6,1.0,90.5,extreme,L1
v2,IS (2015-2022),3,-0.015,3,1761,220,12.5,122,6.9,49,0.223,0.18,0.199,0.069,15.3,2.0,77.7,extreme,L1
v2,IS (2015-2022),3,-0.015,5,1761,220,12.5,122,6.9,67,0.305,0.197,0.239,0.069,23.5,3.0,69.5,extreme,L1
v2,IS (2015-2022),3,-0.03,1,1761,220,12.5,30,1.7,7,0.032,0.233,0.056,0.017,1.5,1.0,96.8,extreme,L2
v2,IS (2015-2022),3,-0.03,3,1761,220,12.5,30,1.7,14,0.064,0.233,0.1,0.017,4.7,2.0,93.6,extreme,L2
v2,IS (2015-2022),3,-0.03,5,1761,220,12.5,30,1.7,18,0.082,0.233,0.121,0.017,6.5,2.5,91.8,extreme,L2
v2,OOS (2023-2024),1,-0.015,1,502,168,33.5,16,3.2,5,0.03,0.312,0.054,0.032,-0.2,1.0,97.0,any,L1
v2,OOS (2023-2024),1,-0.015,3,502,168,33.5,16,3.2,13,0.077,0.375,0.128,0.032,4.6,4.0,92.3,any,L1
v2,OOS (2023-2024),1,-0.015,5,502,168,33.5,16,3.2,20,0.119,0.438,0.187,0.032,8.7,5.0,88.1,any,L1
v2,OOS (2023-2024),1,-0.03,1,502,168,33.5,0,0.0,0,0.0,,,0.0,0.0,,100.0,any,L2
v2,OOS (2023-2024),1,-0.03,3,502,168,33.5,0,0.0,0,0.0,,,0.0,0.0,,100.0,any,L2
v2,OOS (2023-2024),1,-0.03,5,502,168,33.5,0,0.0,0,0.0,,,0.0,0.0,,100.0,any,L2
v2,OOS (2023-2024),2,-0.015,1,502,21,4.2,16,3.2,0,0.0,0.0,,0.032,-3.2,,100.0,spike,L1
v2,OOS (2023-2024),2,-0.015,3,502,21,4.2,16,3.2,0,0.0,0.0,,0.032,-3.2,,100.0,spike,L1
v2,OOS (2023-2024),2,-0.015,5,502,21,4.2,16,3.2,1,0.048,0.062,0.054,0.032,1.6,8.0,95.2,spike,L1
v2,OOS (2023-2024),2,-0.03,1,502,21,4.2,0,0.0,0,0.0,,,0.0,0.0,,100.0,spike,L2
v2,OOS (2023-2024),2,-0.03,3,502,21,4.2,0,0.0,0,0.0,,,0.0,0.0,,100.0,spike,L2
v2,OOS (2023-2024),2,-0.03,5,502,21,4.2,0,0.0,0,0.0,,,0.0,0.0,,100.0,spike,L2
v2,OOS (2023-2024),3,-0.015,1,502,7,1.4,16,3.2,0,0.0,0.0,,0.032,-3.2,,100.0,extreme,L1
v2,OOS (2023-2024),3,-0.015,3,502,7,1.4,16,3.2,0,0.0,0.0,,0.032,-3.2,,100.0,extreme,L1
v2,OOS (2023-2024),3,-0.015,5,502,7,1.4,16,3.2,0,0.0,0.0,,0.032,-3.2,,100.0,extreme,L1
v2,OOS (2023-2024),3,-0.03,1,502,7,1.4,0,0.0,0,0.0,,,0.0,0.0,,100.0,extreme,L2
v2,OOS (2023-2024),3,-0.03,3,502,7,1.4,0,0.0,0,0.0,,,0.0,0.0,,100.0,extreme,L2
v2,OOS (2023-2024),3,-0.03,5,502,7,1.4,0,0.0,0,0.0,,,0.0,0.0,,100.0,extreme,L2
v2,FWD (2025-present),1,-0.015,1,357,186,52.1,24,6.7,10,0.054,0.417,0.095,0.067,-1.3,1.0,94.6,any,L1
v2,FWD (2025-present),1,-0.015,3,357,186,52.1,24,6.7,26,0.14,0.458,0.214,0.067,7.3,2.0,86.0,any,L1
v2,FWD (2025-present),1,-0.015,5,357,186,52.1,24,6.7,36,0.194,0.5,0.279,0.067,12.6,3.0,80.6,any,L1
v2,FWD (2025-present),1,-0.03,1,357,186,52.1,3,0.8,1,0.005,0.333,0.011,0.008,-0.3,1.0,99.5,any,L2
v2,FWD (2025-present),1,-0.03,3,357,186,52.1,3,0.8,3,0.016,0.333,0.031,0.008,0.8,2.0,98.4,any,L2
v2,FWD (2025-present),1,-0.03,5,357,186,52.1,3,0.8,3,0.016,0.333,0.031,0.008,0.8,2.0,98.4,any,L2
v2,FWD (2025-present),2,-0.015,1,357,102,28.6,24,6.7,6,0.059,0.25,0.095,0.067,-0.8,1.0,94.1,spike,L1
v2,FWD (2025-present),2,-0.015,3,357,102,28.6,24,6.7,15,0.147,0.375,0.211,0.067,8.0,2.0,85.3,spike,L1
v2,FWD (2025-present),2,-0.015,5,357,102,28.6,24,6.7,20,0.196,0.375,0.258,0.067,12.9,3.0,80.4,spike,L1
v2,FWD (2025-present),2,-0.03,1,357,102,28.6,3,0.8,1,0.01,0.333,0.019,0.008,0.1,1.0,99.0,spike,L2
v2,FWD (2025-present),2,-0.03,3,357,102,28.6,3,0.8,3,0.029,0.333,0.054,0.008,2.1,2.0,97.1,spike,L2
v2,FWD (2025-present),2,-0.03,5,357,102,28.6,3,0.8,3,0.029,0.333,0.054,0.008,2.1,2.0,97.1,spike,L2
v2,FWD (2025-present),3,-0.015,1,357,52,14.6,24,6.7,5,0.096,0.208,0.132,0.067,2.9,1.0,90.4,extreme,L1
v2,FWD (2025-present),3,-0.015,3,357,52,14.6,24,6.7,11,0.212,0.25,0.229,0.067,14.4,2.0,78.8,extreme,L1
v2,FWD (2025-present),3,-0.015,5,357,52,14.6,24,6.7,14,0.269,0.25,0.259,0.067,20.2,3.0,73.1,extreme,L1
v2,FWD (2025-present),3,-0.03,1,357,52,14.6,3,0.8,1,0.019,0.333,0.036,0.008,1.1,1.0,98.1,extreme,L2
v2,FWD (2025-present),3,-0.03,3,357,52,14.6,3,0.8,2,0.038,0.333,0.069,0.008,3.0,1.5,96.2,extreme,L2
v2,FWD (2025-present),3,-0.03,5,357,52,14.6,3,0.8,2,0.038,0.333,0.069,0.008,3.0,1.5,96.2,extreme,L2
